2026-05-26 12:43:08,263 [INFO] Servidor TCP aguardando em 127.0.0.1:9000
2026-05-26 12:43:08,263 [INFO] Painel web: http://127.0.0.1:8080/painel
2026-05-26 12:43:08,279 [INFO] Painel HTTP em http://127.0.0.1:8080/painel
2026-05-26 12:44:17,206 [INFO] CONECTADO sensor-01 (temperatura) lab='lab-1' addr=('127.0.0.1', 58169)
2026-05-26 12:44:49,352 [INFO] LEITURA sensor-01: 25.0°C RTT=0.0ms
2026-05-26 12:44:56,855 [INFO] LEITURA sensor-01: 9.62°C RTT=0.0ms
2026-05-26 12:44:56,855 [WARNING] ALERTA: sensor-01=9.62°C fora de [10.0,30.0]
2026-05-26 12:45:01,937 [INFO] LEITURA sensor-01: 33.61°C RTT=0.0ms
2026-05-26 12:45:01,937 [WARNING] ALERTA: sensor-01=33.61°C fora de [10.0,30.0]
2026-05-26 12:45:06,929 [INFO] LEITURA sensor-01: 19.62°C RTT=0.0ms
2026-05-26 12:45:21,829 [INFO] DESCONEXÃO voluntária: sensor-01
2026-05-26 12:45:21,869 [INFO] DESCONECTADO sensor-01
2026-05-26 12:45:26,561 [INFO] CONECTADO sensor-01 (cpu) lab='lab-1' addr=('127.0.0.1', 65016)
2026-05-26 12:45:41,437 [INFO] LEITURA sensor-01: 100.0% RTT=0.0ms
2026-05-26 12:45:41,437 [WARNING] ALERTA: sensor-01=100.0% fora de [0.0,90.0]
2026-05-26 12:45:46,156 [INFO] LEITURA sensor-01: 73.45% RTT=0.0ms
2026-05-26 12:45:51,223 [INFO] LEITURA sensor-01: 112.18% RTT=0.0ms
2026-05-26 12:45:51,223 [WARNING] ALERTA: sensor-01=112.18% fora de [0.0,90.0]
2026-05-26 12:45:56,209 [INFO] LEITURA sensor-01: 107.97% RTT=0.0ms
2026-05-26 12:45:56,209 [WARNING] ALERTA: sensor-01=107.97% fora de [0.0,90.0]
2026-05-26 12:46:01,220 [INFO] LEITURA sensor-01: 104.92% RTT=0.0ms
2026-05-26 12:46:01,220 [WARNING] ALERTA: sensor-01=104.92% fora de [0.0,90.0]
2026-05-26 12:46:06,282 [INFO] LEITURA sensor-01: 29.5% RTT=0.0ms
2026-05-26 12:46:11,297 [INFO] LEITURA sensor-01: 83.19% RTT=0.0ms
2026-05-26 12:46:16,296 [INFO] LEITURA sensor-01: 114.75% RTT=0.0ms
2026-05-26 12:46:16,296 [WARNING] ALERTA: sensor-01=114.75% fora de [0.0,90.0]
2026-05-26 12:46:21,306 [INFO] LEITURA sensor-01: 34.11% RTT=0.0ms
2026-05-26 12:46:26,318 [INFO] LEITURA sensor-01: 5.25% RTT=0.0ms
2026-05-26 12:46:31,329 [INFO] LEITURA sensor-01: 50.96% RTT=0.0ms
2026-05-26 12:46:36,335 [INFO] LEITURA sensor-01: 104.96% RTT=1.135ms
2026-05-26 12:46:36,335 [WARNING] ALERTA: sensor-01=104.96% fora de [0.0,90.0]
2026-05-26 12:46:41,348 [INFO] LEITURA sensor-01: 32.39% RTT=0.0ms
2026-05-26 12:46:46,363 [INFO] LEITURA sensor-01: 83.14% RTT=0.0ms
2026-05-26 12:46:53,940 [INFO] DESCONEXÃO voluntária: sensor-01
2026-05-26 12:46:53,961 [INFO] DESCONECTADO sensor-01
2026-05-26 13:01:27,015 [INFO] Servidor TCP aguardando em 127.0.0.1:9000
2026-05-26 13:01:27,015 [INFO] Painel web: http://127.0.0.1:8080/painel
2026-05-26 13:01:27,031 [INFO] Painel HTTP em http://127.0.0.1:8080/painel
2026-05-26 13:02:07,906 [INFO] CONECTADO sensor-01 (temperatura) lab='lab-1' addr=('127.0.0.1', 57306)
2026-05-26 13:02:12,846 [INFO] LEITURA sensor-01: 9.87°C RTT=0.0ms
2026-05-26 13:02:12,846 [WARNING] ALERTA: sensor-01=9.87°C fora de [10.0,30.0]
2026-05-26 13:02:17,925 [INFO] LEITURA sensor-01: 38.74°C RTT=0.0ms
2026-05-26 13:02:17,925 [WARNING] ALERTA: sensor-01=38.74°C fora de [10.0,30.0]
2026-05-26 13:02:22,933 [INFO] LEITURA sensor-01: 34.37°C RTT=0.0ms
2026-05-26 13:02:22,933 [WARNING] ALERTA: sensor-01=34.37°C fora de [10.0,30.0]
2026-05-26 13:02:27,936 [INFO] LEITURA sensor-01: 23.45°C RTT=0.0ms
2026-05-26 13:02:32,925 [INFO] LEITURA sensor-01: 16.81°C RTT=0.0ms
2026-05-26 13:02:37,940 [INFO] LEITURA sensor-01: 33.46°C RTT=0.0ms
2026-05-26 13:02:37,940 [WARNING] ALERTA: sensor-01=33.46°C fora de [10.0,30.0]
2026-05-26 13:02:44,906 [INFO] DESCONEXÃO voluntária: sensor-01
2026-05-26 13:02:44,922 [INFO] DESCONECTADO sensor-01
2026-05-26 13:02:48,928 [INFO] CONECTADO sensor-01 (umidade) lab='lab-1' addr=('127.0.0.1', 57310)
2026-05-26 13:02:50,508 [INFO] LEITURA sensor-01: 33.86% RTT=0.0ms
2026-05-26 13:02:55,543 [INFO] LEITURA sensor-01: 74.34% RTT=0.0ms
2026-05-26 13:03:02,087 [INFO] LEITURA sensor-01: 70.64% RTT=0.0ms
2026-05-26 13:03:04,117 [INFO] LEITURA sensor-01: 28.62% RTT=0.0ms
2026-05-26 13:03:04,129 [WARNING] ALERTA: sensor-01=28.62% fora de [30.0,80.0]
2026-05-26 13:03:06,131 [INFO] LEITURA sensor-01: 56.57% RTT=0.0ms
2026-05-26 13:03:08,135 [INFO] LEITURA sensor-01: 34.38% RTT=0.0ms
2026-05-26 13:03:10,134 [INFO] LEITURA sensor-01: 99.02% RTT=0.0ms
2026-05-26 13:03:10,150 [WARNING] ALERTA: sensor-01=99.02% fora de [30.0,80.0]
2026-05-26 13:03:12,146 [INFO] LEITURA sensor-01: 67.03% RTT=0.0ms
2026-05-26 13:03:14,150 [INFO] LEITURA sensor-01: 94.31% RTT=0.0ms
2026-05-26 13:03:14,150 [WARNING] ALERTA: sensor-01=94.31% fora de [30.0,80.0]
2026-05-26 13:03:16,164 [INFO] LEITURA sensor-01: 60.9% RTT=0.0ms
2026-05-26 13:03:18,176 [INFO] LEITURA sensor-01: 51.71% RTT=0.0ms
2026-05-26 13:03:20,179 [INFO] LEITURA sensor-01: 58.19% RTT=0.0ms
2026-05-26 13:03:22,187 [INFO] LEITURA sensor-01: 39.89% RTT=0.0ms
2026-05-26 13:03:24,198 [INFO] LEITURA sensor-01: 27.53% RTT=0.0ms
2026-05-26 13:03:24,198 [WARNING] ALERTA: sensor-01=27.53% fora de [30.0,80.0]
2026-05-26 13:03:26,219 [INFO] LEITURA sensor-01: 65.65% RTT=0.0ms
2026-05-26 13:03:28,218 [INFO] LEITURA sensor-01: 42.56% RTT=0.0ms
2026-05-26 13:03:30,240 [INFO] LEITURA sensor-01: 98.3% RTT=0.0ms
2026-05-26 13:03:30,240 [WARNING] ALERTA: sensor-01=98.3% fora de [30.0,80.0]
2026-05-26 13:03:32,232 [INFO] LEITURA sensor-01: 30.33% RTT=0.0ms
2026-05-26 13:03:35,511 [INFO] DESCONEXÃO voluntária: sensor-01
2026-05-26 13:03:35,521 [INFO] DESCONECTADO sensor-01
2026-05-26 13:03:38,108 [INFO] CONECTADO sensor-01 (co2) lab='lab-1' addr=('127.0.0.1', 51607)
2026-05-26 13:03:44,310 [INFO] LEITURA sensor-01: 302.92ppm RTT=0.0ms
2026-05-26 13:03:45,353 [INFO] LEITURA sensor-01: 1186.81ppm RTT=0.0ms
2026-05-26 13:03:45,353 [WARNING] ALERTA: sensor-01=1186.81ppm fora de [0.0,1000.0]
2026-05-26 13:03:46,373 [INFO] LEITURA sensor-01: 108.29ppm RTT=0.0ms
2026-05-26 13:03:47,361 [INFO] LEITURA sensor-01: 614.96ppm RTT=0.0ms
2026-05-26 13:03:48,364 [INFO] LEITURA sensor-01: 918.67ppm RTT=0.0ms
2026-05-26 13:03:49,366 [INFO] LEITURA sensor-01: 1220.12ppm RTT=0.0ms
2026-05-26 13:03:49,366 [WARNING] ALERTA: sensor-01=1220.12ppm fora de [0.0,1000.0]
2026-05-26 13:03:50,377 [INFO] LEITURA sensor-01: 201.18ppm RTT=0.0ms
2026-05-26 13:03:51,370 [INFO] LEITURA sensor-01: 749.61ppm RTT=0.61ms
2026-05-26 13:03:52,392 [INFO] LEITURA sensor-01: 693.08ppm RTT=0.0ms
2026-05-26 13:03:53,380 [INFO] LEITURA sensor-01: 1088.38ppm RTT=0.0ms
2026-05-26 13:03:53,380 [WARNING] ALERTA: sensor-01=1088.38ppm fora de [0.0,1000.0]
2026-05-26 13:03:54,385 [INFO] LEITURA sensor-01: 18.9ppm RTT=0.0ms
2026-05-26 13:03:55,388 [INFO] LEITURA sensor-01: 116.63ppm RTT=0.0ms
2026-05-26 13:03:56,392 [INFO] LEITURA sensor-01: 1261.81ppm RTT=0.0ms
2026-05-26 13:03:56,392 [WARNING] ALERTA: sensor-01=1261.81ppm fora de [0.0,1000.0]
2026-05-26 13:03:57,398 [INFO] LEITURA sensor-01: 1191.31ppm RTT=0.0ms
2026-05-26 13:03:57,398 [WARNING] ALERTA: sensor-01=1191.31ppm fora de [0.0,1000.0]
2026-05-26 13:03:58,396 [INFO] LEITURA sensor-01: 1210.4ppm RTT=0.953ms
2026-05-26 13:03:58,396 [WARNING] ALERTA: sensor-01=1210.4ppm fora de [0.0,1000.0]
2026-05-26 13:03:59,401 [INFO] LEITURA sensor-01: 526.83ppm RTT=0.0ms
2026-05-26 13:04:00,404 [INFO] LEITURA sensor-01: 613.03ppm RTT=0.0ms
2026-05-26 13:04:01,399 [INFO] LEITURA sensor-01: 383.42ppm RTT=0.0ms
2026-05-26 13:04:02,418 [INFO] LEITURA sensor-01: 903.62ppm RTT=0.0ms
2026-05-26 13:04:03,406 [INFO] LEITURA sensor-01: 15.63ppm RTT=0.0ms
2026-05-26 13:04:04,420 [INFO] LEITURA sensor-01: 224.22ppm RTT=0.0ms
2026-05-26 13:04:05,439 [INFO] LEITURA sensor-01: 261.67ppm RTT=0.0ms
2026-05-26 13:04:06,431 [INFO] LEITURA sensor-01: 233.19ppm RTT=0.0ms
2026-05-26 13:04:07,447 [INFO] LEITURA sensor-01: 885.52ppm RTT=0.0ms
2026-05-26 13:04:08,437 [INFO] LEITURA sensor-01: 840.5ppm RTT=0.0ms
2026-05-26 13:04:09,440 [INFO] LEITURA sensor-01: 235.78ppm RTT=0.0ms
2026-05-26 13:04:10,444 [INFO] LEITURA sensor-01: 29.68ppm RTT=0.0ms
2026-05-26 13:04:11,457 [INFO] LEITURA sensor-01: 639.77ppm RTT=0.0ms
2026-05-26 13:04:12,470 [INFO] LEITURA sensor-01: 319.2ppm RTT=0.0ms
2026-05-26 13:04:13,461 [INFO] LEITURA sensor-01: 1259.11ppm RTT=0.0ms
2026-05-26 13:04:13,461 [WARNING] ALERTA: sensor-01=1259.11ppm fora de [0.0,1000.0]
2026-05-26 13:04:14,464 [INFO] LEITURA sensor-01: 698.55ppm RTT=0.0ms
2026-05-26 13:04:15,476 [INFO] LEITURA sensor-01: 100.96ppm RTT=0.0ms
2026-05-26 13:04:16,474 [INFO] LEITURA sensor-01: 353.31ppm RTT=0.0ms
2026-05-26 13:04:17,479 [INFO] LEITURA sensor-01: 67.67ppm RTT=0.0ms
2026-05-26 13:04:18,486 [INFO] LEITURA sensor-01: 450.6ppm RTT=0.0ms
2026-05-26 13:04:19,495 [INFO] LEITURA sensor-01: 732.97ppm RTT=0.0ms
2026-05-26 13:04:20,499 [INFO] LEITURA sensor-01: 1128.66ppm RTT=0.0ms
2026-05-26 13:04:20,515 [WARNING] ALERTA: sensor-01=1128.66ppm fora de [0.0,1000.0]
2026-05-26 13:04:21,523 [INFO] LEITURA sensor-01: 247.93ppm RTT=0.0ms
2026-05-26 13:04:22,533 [INFO] LEITURA sensor-01: 899.0ppm RTT=0.0ms
2026-05-26 13:04:23,524 [INFO] LEITURA sensor-01: 1133.98ppm RTT=0.0ms
2026-05-26 13:04:23,524 [WARNING] ALERTA: sensor-01=1133.98ppm fora de [0.0,1000.0]
2026-05-26 13:04:24,528 [INFO] LEITURA sensor-01: 296.99ppm RTT=0.0ms
2026-05-26 13:04:25,550 [INFO] LEITURA sensor-01: 271.92ppm RTT=0.0ms
2026-05-26 13:04:26,555 [INFO] LEITURA sensor-01: 262.79ppm RTT=0.0ms
2026-05-26 13:04:27,562 [INFO] LEITURA sensor-01: 546.1ppm RTT=0.0ms
2026-05-26 13:04:28,569 [INFO] LEITURA sensor-01: 478.77ppm RTT=2.592ms
2026-05-26 13:04:29,578 [INFO] LEITURA sensor-01: 697.26ppm RTT=0.0ms
2026-05-26 13:04:30,566 [INFO] LEITURA sensor-01: 926.19ppm RTT=0.0ms
2026-05-26 13:04:31,577 [INFO] LEITURA sensor-01: 541.04ppm RTT=0.0ms
2026-05-26 13:04:32,597 [INFO] LEITURA sensor-01: 1200.55ppm RTT=0.0ms
2026-05-26 13:04:32,597 [WARNING] ALERTA: sensor-01=1200.55ppm fora de [0.0,1000.0]
2026-05-26 13:04:33,589 [INFO] LEITURA sensor-01: 103.68ppm RTT=0.0ms
2026-05-26 13:04:34,616 [INFO] LEITURA sensor-01: 1088.52ppm RTT=0.0ms
2026-05-26 13:04:34,616 [WARNING] ALERTA: sensor-01=1088.52ppm fora de [0.0,1000.0]
2026-05-26 13:04:35,611 [INFO] LEITURA sensor-01: 1272.46ppm RTT=0.0ms
2026-05-26 13:04:35,611 [WARNING] ALERTA: sensor-01=1272.46ppm fora de [0.0,1000.0]
2026-05-26 13:04:36,627 [INFO] LEITURA sensor-01: 943.74ppm RTT=0.0ms
2026-05-26 13:04:37,636 [INFO] LEITURA sensor-01: 458.56ppm RTT=0.0ms
2026-05-26 13:04:38,644 [INFO] LEITURA sensor-01: 229.01ppm RTT=0.0ms
2026-05-26 13:04:39,639 [INFO] LEITURA sensor-01: 392.91ppm RTT=0.0ms
2026-05-26 13:04:40,664 [INFO] LEITURA sensor-01: 797.09ppm RTT=0.0ms
2026-05-26 13:04:41,674 [INFO] LEITURA sensor-01: 522.32ppm RTT=0.0ms
2026-05-26 13:04:42,670 [INFO] LEITURA sensor-01: 638.86ppm RTT=0.0ms
2026-05-26 13:04:43,679 [INFO] LEITURA sensor-01: 753.53ppm RTT=0.0ms
2026-05-26 13:04:44,721 [INFO] LEITURA sensor-01: 546.68ppm RTT=0.0ms
2026-05-26 13:04:45,717 [INFO] LEITURA sensor-01: 314.14ppm RTT=0.0ms
2026-05-26 13:04:46,764 [INFO] LEITURA sensor-01: 1085.4ppm RTT=0.0ms
2026-05-26 13:04:46,764 [WARNING] ALERTA: sensor-01=1085.4ppm fora de [0.0,1000.0]
2026-05-26 13:04:47,755 [INFO] LEITURA sensor-01: 544.54ppm RTT=0.0ms
2026-05-26 13:04:48,807 [INFO] LEITURA sensor-01: 239.7ppm RTT=0.0ms
2026-05-26 13:04:49,796 [INFO] LEITURA sensor-01: 766.79ppm RTT=0.0ms
2026-05-26 13:04:55,822 [INFO] DESCONEXÃO voluntária: sensor-01
2026-05-26 13:04:55,834 [INFO] DESCONECTADO sensor-01
2026-05-26 13:04:58,749 [INFO] CONECTADO sensor-01 (cpu) lab='lab-1' addr=('127.0.0.1', 51077)
2026-05-26 13:05:02,909 [INFO] LEITURA sensor-01: 83.28% RTT=0.0ms
2026-05-26 13:05:03,946 [INFO] LEITURA sensor-01: 11.67% RTT=0.0ms
2026-05-26 13:05:04,973 [INFO] LEITURA sensor-01: 75.93% RTT=0.0ms
2026-05-26 13:05:05,984 [INFO] LEITURA sensor-01: 100.13% RTT=0.0ms
2026-05-26 13:05:05,984 [WARNING] ALERTA: sensor-01=100.13% fora de [0.0,90.0]
2026-05-26 13:05:06,994 [INFO] LEITURA sensor-01: 112.61% RTT=0.0ms
2026-05-26 13:05:06,994 [WARNING] ALERTA: sensor-01=112.61% fora de [0.0,90.0]
2026-05-26 13:05:08,036 [INFO] LEITURA sensor-01: 62.41% RTT=0.0ms
2026-05-26 13:05:09,060 [INFO] LEITURA sensor-01: 61.95% RTT=0.0ms
2026-05-26 13:05:10,067 [INFO] LEITURA sensor-01: 106.27% RTT=0.0ms
2026-05-26 13:05:10,067 [WARNING] ALERTA: sensor-01=106.27% fora de [0.0,90.0]
2026-05-26 13:05:11,061 [INFO] LEITURA sensor-01: 103.02% RTT=0.0ms
2026-05-26 13:05:11,061 [WARNING] ALERTA: sensor-01=103.02% fora de [0.0,90.0]
2026-05-26 13:05:12,119 [INFO] LEITURA sensor-01: 15.08% RTT=0.0ms
2026-05-26 13:05:13,123 [INFO] LEITURA sensor-01: 44.99% RTT=0.0ms
2026-05-26 13:05:14,144 [INFO] LEITURA sensor-01: 72.12% RTT=0.0ms
2026-05-26 13:05:15,149 [INFO] LEITURA sensor-01: 10.03% RTT=0.0ms
2026-05-26 13:05:16,148 [INFO] LEITURA sensor-01: 20.89% RTT=0.0ms
2026-05-26 13:05:17,168 [INFO] LEITURA sensor-01: 113.66% RTT=0.0ms
2026-05-26 13:05:17,168 [WARNING] ALERTA: sensor-01=113.66% fora de [0.0,90.0]
2026-05-26 13:05:18,165 [INFO] LEITURA sensor-01: 9.32% RTT=0.0ms
2026-05-26 13:05:19,174 [INFO] LEITURA sensor-01: 58.13% RTT=0.0ms
2026-05-26 13:05:20,183 [INFO] LEITURA sensor-01: 109.84% RTT=0.0ms
2026-05-26 13:05:20,183 [WARNING] ALERTA: sensor-01=109.84% fora de [0.0,90.0]
2026-05-26 13:05:21,190 [INFO] LEITURA sensor-01: 102.87% RTT=0.0ms
2026-05-26 13:05:21,190 [WARNING] ALERTA: sensor-01=102.87% fora de [0.0,90.0]
2026-05-26 13:05:22,202 [INFO] LEITURA sensor-01: 24.61% RTT=0.0ms
2026-05-26 13:05:23,259 [INFO] LEITURA sensor-01: 105.31% RTT=0.0ms
2026-05-26 13:05:23,259 [WARNING] ALERTA: sensor-01=105.31% fora de [0.0,90.0]
2026-05-26 13:05:24,251 [INFO] LEITURA sensor-01: 115.99% RTT=0.0ms
2026-05-26 13:05:24,251 [WARNING] ALERTA: sensor-01=115.99% fora de [0.0,90.0]
2026-05-26 13:05:25,319 [INFO] LEITURA sensor-01: 55.29% RTT=0.0ms
2026-05-26 13:05:26,331 [INFO] LEITURA sensor-01: 17.21% RTT=0.0ms
2026-05-26 13:05:27,324 [INFO] LEITURA sensor-01: 103.44% RTT=0.0ms
2026-05-26 13:05:27,324 [WARNING] ALERTA: sensor-01=103.44% fora de [0.0,90.0]
2026-05-26 13:05:28,334 [INFO] LEITURA sensor-01: 3.5% RTT=0.0ms
2026-05-26 13:05:29,346 [INFO] LEITURA sensor-01: 98.16% RTT=0.0ms
2026-05-26 13:05:29,346 [WARNING] ALERTA: sensor-01=98.16% fora de [0.0,90.0]
2026-05-26 13:05:30,354 [INFO] LEITURA sensor-01: 105.74% RTT=0.0ms
2026-05-26 13:05:30,354 [WARNING] ALERTA: sensor-01=105.74% fora de [0.0,90.0]
2026-05-26 13:05:31,407 [INFO] LEITURA sensor-01: 81.95% RTT=0.0ms
2026-05-26 13:05:32,416 [INFO] LEITURA sensor-01: 97.22% RTT=0.0ms
2026-05-26 13:05:32,416 [WARNING] ALERTA: sensor-01=97.22% fora de [0.0,90.0]
2026-05-26 13:05:33,425 [INFO] LEITURA sensor-01: 84.17% RTT=0.0ms
2026-05-26 13:05:34,420 [INFO] LEITURA sensor-01: 46.34% RTT=0.0ms
2026-05-26 13:05:35,428 [INFO] LEITURA sensor-01: 28.64% RTT=0.0ms
2026-05-26 13:05:36,454 [INFO] LEITURA sensor-01: 82.45% RTT=0.0ms
2026-05-26 13:05:37,446 [INFO] LEITURA sensor-01: 55.46% RTT=0.0ms
2026-05-26 13:05:38,474 [INFO] LEITURA sensor-01: 37.42% RTT=0.0ms
2026-05-26 13:05:39,468 [INFO] LEITURA sensor-01: 76.81% RTT=0.0ms
2026-05-26 13:05:40,495 [INFO] LEITURA sensor-01: 40.72% RTT=0.0ms
2026-05-26 13:05:41,489 [INFO] LEITURA sensor-01: 52.61% RTT=0.0ms
2026-05-26 13:05:42,498 [INFO] LEITURA sensor-01: 38.22% RTT=0.0ms
2026-05-26 13:05:43,520 [INFO] LEITURA sensor-01: 85.12% RTT=0.0ms
2026-05-26 13:05:44,528 [INFO] LEITURA sensor-01: 5.39% RTT=0.0ms
2026-05-26 13:05:45,539 [INFO] LEITURA sensor-01: 19.49% RTT=0.0ms
2026-05-26 13:05:46,534 [INFO] LEITURA sensor-01: 1.4% RTT=0.0ms
2026-05-26 13:05:47,551 [INFO] LEITURA sensor-01: 48.95% RTT=0.0ms
2026-05-26 13:05:48,560 [INFO] LEITURA sensor-01: 44.43% RTT=0.0ms
2026-05-26 13:05:49,553 [INFO] LEITURA sensor-01: 85.11% RTT=0.0ms
2026-05-26 13:05:50,577 [INFO] LEITURA sensor-01: 36.31% RTT=0.0ms
2026-05-26 13:05:51,570 [INFO] LEITURA sensor-01: 102.97% RTT=0.723ms
2026-05-26 13:05:51,570 [WARNING] ALERTA: sensor-01=102.97% fora de [0.0,90.0]
2026-05-26 13:05:52,592 [INFO] LEITURA sensor-01: 116.1% RTT=2.016ms
2026-05-26 13:05:52,592 [WARNING] ALERTA: sensor-01=116.1% fora de [0.0,90.0]
2026-05-26 13:05:53,600 [INFO] LEITURA sensor-01: 45.86% RTT=3.668ms
2026-05-26 13:05:54,626 [INFO] LEITURA sensor-01: 25.41% RTT=0.0ms
2026-05-26 13:05:55,634 [INFO] LEITURA sensor-01: 111.16% RTT=0.0ms
2026-05-26 13:05:55,634 [WARNING] ALERTA: sensor-01=111.16% fora de [0.0,90.0]
2026-05-26 13:05:56,639 [INFO] LEITURA sensor-01: 45.26% RTT=0.0ms
2026-05-26 13:05:57,666 [INFO] LEITURA sensor-01: 30.68% RTT=0.0ms
2026-05-26 13:05:58,673 [INFO] LEITURA sensor-01: 85.29% RTT=0.0ms
2026-05-26 13:05:59,673 [INFO] LEITURA sensor-01: 5.36% RTT=0.0ms
2026-05-26 13:06:00,684 [INFO] LEITURA sensor-01: 104.64% RTT=0.0ms
2026-05-26 13:06:00,684 [WARNING] ALERTA: sensor-01=104.64% fora de [0.0,90.0]
2026-05-26 13:06:01,688 [INFO] LEITURA sensor-01: 4.8% RTT=0.0ms
2026-05-26 13:06:02,744 [INFO] LEITURA sensor-01: 9.84% RTT=0.0ms
2026-05-26 13:06:03,738 [INFO] LEITURA sensor-01: 67.63% RTT=0.0ms
2026-05-26 13:06:04,749 [INFO] LEITURA sensor-01: 24.13% RTT=0.0ms
2026-05-26 13:06:05,755 [INFO] LEITURA sensor-01: 0.1% RTT=0.0ms
2026-05-26 13:06:06,779 [INFO] LEITURA sensor-01: 8.09% RTT=0.0ms
2026-05-26 13:06:07,774 [INFO] LEITURA sensor-01: 30.13% RTT=0.0ms
2026-05-26 13:06:08,785 [INFO] LEITURA sensor-01: 35.12% RTT=0.0ms
2026-05-26 13:06:09,811 [INFO] LEITURA sensor-01: 11.68% RTT=0.0ms
2026-05-26 13:06:10,801 [INFO] LEITURA sensor-01: 52.21% RTT=0.0ms
2026-05-26 13:06:11,815 [INFO] LEITURA sensor-01: 6.5% RTT=0.0ms
2026-05-26 13:06:12,830 [INFO] LEITURA sensor-01: 6.36% RTT=0.0ms
2026-05-26 13:06:13,822 [INFO] LEITURA sensor-01: 101.84% RTT=0.0ms
2026-05-26 13:06:13,822 [WARNING] ALERTA: sensor-01=101.84% fora de [0.0,90.0]
2026-05-26 13:06:14,831 [INFO] LEITURA sensor-01: 116.05% RTT=2.033ms
2026-05-26 13:06:14,831 [WARNING] ALERTA: sensor-01=116.05% fora de [0.0,90.0]
2026-05-26 13:06:15,859 [INFO] LEITURA sensor-01: 72.69% RTT=0.0ms
2026-05-26 13:06:16,851 [INFO] LEITURA sensor-01: 115.55% RTT=0.0ms
2026-05-26 13:06:16,851 [WARNING] ALERTA: sensor-01=115.55% fora de [0.0,90.0]
2026-05-26 13:06:17,875 [INFO] LEITURA sensor-01: 115.91% RTT=0.0ms
2026-05-26 13:06:17,875 [WARNING] ALERTA: sensor-01=115.91% fora de [0.0,90.0]
2026-05-26 13:06:18,868 [INFO] LEITURA sensor-01: 71.89% RTT=0.0ms
2026-05-26 13:06:19,926 [INFO] LEITURA sensor-01: 28.95% RTT=0.0ms
2026-05-26 13:06:20,934 [INFO] LEITURA sensor-01: 7.94% RTT=0.0ms
2026-05-26 13:06:21,928 [INFO] LEITURA sensor-01: 79.79% RTT=0.0ms
2026-05-26 13:06:22,949 [INFO] LEITURA sensor-01: 40.06% RTT=0.0ms
2026-05-26 13:06:23,942 [INFO] LEITURA sensor-01: 98.94% RTT=0.0ms
2026-05-26 13:06:23,942 [WARNING] ALERTA: sensor-01=98.94% fora de [0.0,90.0]
2026-05-26 13:06:24,966 [INFO] LEITURA sensor-01: 38.41% RTT=2.023ms
2026-05-26 13:06:25,991 [INFO] LEITURA sensor-01: 12.08% RTT=0.0ms
2026-05-26 13:06:27,018 [INFO] LEITURA sensor-01: 26.49% RTT=0.0ms
2026-05-26 13:06:28,027 [INFO] LEITURA sensor-01: 13.92% RTT=0.0ms
2026-05-26 13:06:29,037 [INFO] LEITURA sensor-01: 52.21% RTT=0.0ms
2026-05-26 13:06:30,046 [INFO] LEITURA sensor-01: 82.8% RTT=0.0ms
2026-05-26 13:06:31,040 [INFO] LEITURA sensor-01: 9.23% RTT=0.0ms
2026-05-26 13:06:32,064 [INFO] LEITURA sensor-01: 21.27% RTT=0.0ms
2026-05-26 13:09:44,182 [INFO] CONECTADO sensor-01 (temperatura) lab='lab-1' addr=('127.0.0.1', 63747)
2026-05-26 13:09:49,089 [INFO] LEITURA sensor-01: 26.73°C RTT=0.0ms
2026-05-26 13:09:50,132 [INFO] LEITURA sensor-01: 16.7°C RTT=0.0ms
2026-05-26 13:09:51,139 [INFO] LEITURA sensor-01: 20.31°C RTT=0.0ms
2026-05-26 13:09:52,162 [INFO] LEITURA sensor-01: 33.31°C RTT=0.0ms
2026-05-26 13:09:52,162 [WARNING] ALERTA: sensor-01=33.31°C fora de [10.0,30.0]
2026-05-26 13:09:53,151 [INFO] LEITURA sensor-01: 26.49°C RTT=0.0ms
2026-05-26 13:09:54,189 [INFO] LEITURA sensor-01: 19.23°C RTT=0.0ms
2026-05-26 13:09:55,196 [INFO] LEITURA sensor-01: 36.99°C RTT=0.0ms
2026-05-26 13:09:55,196 [WARNING] ALERTA: sensor-01=36.99°C fora de [10.0,30.0]
2026-05-26 13:09:56,218 [INFO] LEITURA sensor-01: 23.38°C RTT=0.0ms
2026-05-26 13:09:57,208 [INFO] LEITURA sensor-01: 15.53°C RTT=0.0ms
2026-05-26 13:09:58,232 [INFO] LEITURA sensor-01: 13.78°C RTT=2.02ms
2026-05-26 13:09:59,230 [INFO] LEITURA sensor-01: 16.98°C RTT=0.0ms
2026-05-26 13:10:00,246 [INFO] LEITURA sensor-01: 15.32°C RTT=0.0ms
2026-05-26 13:10:01,241 [INFO] LEITURA sensor-01: 26.21°C RTT=0.0ms
2026-05-26 13:10:02,244 [INFO] LEITURA sensor-01: 9.69°C RTT=0.0ms
2026-05-26 13:10:02,244 [WARNING] ALERTA: sensor-01=9.69°C fora de [10.0,30.0]
2026-05-26 13:10:03,246 [INFO] LEITURA sensor-01: 31.85°C RTT=0.0ms
2026-05-26 13:10:03,262 [WARNING] ALERTA: sensor-01=31.85°C fora de [10.0,30.0]
2026-05-26 13:10:04,553 [INFO] LEITURA sensor-01: 24.2°C RTT=15.762ms
2026-05-26 13:10:05,256 [INFO] LEITURA sensor-01: 24.78°C RTT=0.0ms
2026-05-26 13:10:06,262 [INFO] LEITURA sensor-01: 28.06°C RTT=0.0ms
2026-05-26 13:10:07,265 [INFO] LEITURA sensor-01: 36.27°C RTT=0.0ms
2026-05-26 13:10:07,265 [WARNING] ALERTA: sensor-01=36.27°C fora de [10.0,30.0]
2026-05-26 13:10:09,217 [INFO] LEITURA sensor-01: 31.71°C RTT=0.0ms
2026-05-26 13:10:09,217 [WARNING] ALERTA: sensor-01=31.71°C fora de [10.0,30.0]
2026-05-26 13:10:09,297 [INFO] LEITURA sensor-01: 10.4°C RTT=0.0ms
2026-05-26 13:10:10,322 [INFO] LEITURA sensor-01: 25.59°C RTT=0.0ms
2026-05-26 13:10:11,313 [INFO] LEITURA sensor-01: 11.35°C RTT=0.0ms
2026-05-26 13:10:11,519 [INFO] LEITURA sensor-01: 18.16% RTT=0.0ms
2026-05-26 13:10:12,337 [INFO] LEITURA sensor-01: 11.37°C RTT=0.0ms
2026-05-26 13:10:12,547 [INFO] LEITURA sensor-01: 59.53% RTT=0.0ms
2026-05-26 13:10:13,332 [INFO] LEITURA sensor-01: 11.92°C RTT=0.0ms
2026-05-26 13:10:13,554 [INFO] LEITURA sensor-01: 3.09% RTT=0.0ms
2026-05-26 13:10:14,340 [INFO] LEITURA sensor-01: 34.33°C RTT=0.939ms
2026-05-26 13:10:14,340 [WARNING] ALERTA: sensor-01=34.33°C fora de [10.0,30.0]
2026-05-26 13:10:14,576 [INFO] LEITURA sensor-01: 107.58% RTT=0.0ms
2026-05-26 13:10:14,580 [WARNING] ALERTA: sensor-01=107.58% fora de [0.0,90.0]
2026-05-26 13:10:15,365 [INFO] LEITURA sensor-01: 27.58°C RTT=0.0ms
2026-05-26 13:10:15,579 [INFO] LEITURA sensor-01: 19.35% RTT=0.0ms
2026-05-26 13:10:16,359 [INFO] LEITURA sensor-01: 27.94°C RTT=0.0ms
2026-05-26 13:10:16,582 [INFO] LEITURA sensor-01: 75.6% RTT=0.0ms
2026-05-26 13:10:17,368 [INFO] LEITURA sensor-01: 34.21°C RTT=0.0ms
2026-05-26 13:10:17,368 [WARNING] ALERTA: sensor-01=34.21°C fora de [10.0,30.0]
2026-05-26 13:10:17,598 [INFO] LEITURA sensor-01: 29.04% RTT=0.0ms
2026-05-26 13:10:18,374 [INFO] LEITURA sensor-01: 16.77°C RTT=0.0ms
2026-05-26 13:10:18,598 [INFO] LEITURA sensor-01: 73.85% RTT=0.0ms
2026-05-26 13:10:19,395 [INFO] LEITURA sensor-01: 18.14°C RTT=0.0ms
2026-05-26 13:10:19,603 [INFO] LEITURA sensor-01: 100.44% RTT=0.0ms
2026-05-26 13:10:19,603 [WARNING] ALERTA: sensor-01=100.44% fora de [0.0,90.0]
2026-05-26 13:10:20,392 [INFO] LEITURA sensor-01: 18.09°C RTT=0.0ms
2026-05-26 13:10:20,614 [INFO] LEITURA sensor-01: 63.0% RTT=0.0ms
2026-05-26 13:10:21,400 [INFO] LEITURA sensor-01: 38.28°C RTT=0.0ms
2026-05-26 13:10:21,400 [WARNING] ALERTA: sensor-01=38.28°C fora de [10.0,30.0]
2026-05-26 13:10:21,623 [INFO] LEITURA sensor-01: 49.14% RTT=0.0ms
2026-05-26 13:10:22,409 [INFO] LEITURA sensor-01: 16.5°C RTT=0.0ms
2026-05-26 13:10:22,633 [INFO] LEITURA sensor-01: 60.4% RTT=0.0ms
2026-05-26 13:10:23,436 [INFO] LEITURA sensor-01: 16.89°C RTT=2.015ms
2026-05-26 13:10:23,644 [INFO] LEITURA sensor-01: 76.69% RTT=0.0ms
2026-05-26 13:10:24,430 [INFO] LEITURA sensor-01: 18.59°C RTT=0.0ms
2026-05-26 13:10:24,654 [INFO] LEITURA sensor-01: 21.32% RTT=0.0ms
2026-05-26 13:10:25,439 [INFO] LEITURA sensor-01: 21.19°C RTT=0.0ms
2026-05-26 13:10:25,669 [INFO] LEITURA sensor-01: 112.93% RTT=0.0ms
2026-05-26 13:10:25,669 [WARNING] ALERTA: sensor-01=112.93% fora de [0.0,90.0]
2026-05-26 13:10:26,464 [INFO] LEITURA sensor-01: 9.73°C RTT=0.0ms
2026-05-26 13:10:26,464 [WARNING] ALERTA: sensor-01=9.73°C fora de [10.0,30.0]
2026-05-26 13:10:26,673 [INFO] LEITURA sensor-01: 25.34% RTT=0.0ms
2026-05-26 13:10:27,472 [INFO] LEITURA sensor-01: 19.36°C RTT=0.0ms
2026-05-26 13:10:27,681 [INFO] LEITURA sensor-01: 76.03% RTT=0.0ms
2026-05-26 13:10:28,478 [INFO] LEITURA sensor-01: 13.32°C RTT=0.0ms
2026-05-26 13:10:28,702 [INFO] LEITURA sensor-01: 20.13% RTT=0.0ms
2026-05-26 13:10:29,486 [INFO] LEITURA sensor-01: 21.1°C RTT=0.0ms
2026-05-26 13:10:29,694 [INFO] LEITURA sensor-01: 76.85% RTT=0.0ms
2026-05-26 13:10:30,480 [INFO] LEITURA sensor-01: 36.95°C RTT=1.198ms
2026-05-26 13:10:30,480 [WARNING] ALERTA: sensor-01=36.95°C fora de [10.0,30.0]
2026-05-26 13:10:30,698 [INFO] LEITURA sensor-01: 95.52% RTT=0.0ms
2026-05-26 13:10:30,700 [WARNING] ALERTA: sensor-01=95.52% fora de [0.0,90.0]
2026-05-26 13:10:31,489 [INFO] LEITURA sensor-01: 27.74°C RTT=0.0ms
2026-05-26 13:10:31,697 [INFO] LEITURA sensor-01: 23.67% RTT=0.0ms
2026-05-26 13:10:32,495 [INFO] LEITURA sensor-01: 38.69°C RTT=0.0ms
2026-05-26 13:10:32,495 [WARNING] ALERTA: sensor-01=38.69°C fora de [10.0,30.0]
2026-05-26 13:10:32,698 [INFO] LEITURA sensor-01: 64.1% RTT=0.0ms
2026-05-26 13:10:33,495 [INFO] LEITURA sensor-01: 35.72°C RTT=0.0ms
2026-05-26 13:10:33,495 [WARNING] ALERTA: sensor-01=35.72°C fora de [10.0,30.0]
2026-05-26 13:10:33,705 [INFO] LEITURA sensor-01: 19.04% RTT=0.0ms
2026-05-26 13:10:34,499 [INFO] LEITURA sensor-01: 33.8°C RTT=0.0ms
2026-05-26 13:10:34,499 [WARNING] ALERTA: sensor-01=33.8°C fora de [10.0,30.0]
2026-05-26 13:10:34,706 [INFO] LEITURA sensor-01: 9.68% RTT=0.0ms
2026-05-26 13:10:35,539 [INFO] LEITURA sensor-01: 26.1°C RTT=0.0ms
2026-05-26 13:10:36,549 [INFO] LEITURA sensor-01: 18.62°C RTT=0.0ms
2026-05-26 13:10:37,554 [INFO] LEITURA sensor-01: 18.21°C RTT=0.0ms
2026-05-26 13:10:37,746 [INFO] DESCONEXÃO voluntária: sensor-01
2026-05-26 13:10:37,755 [INFO] DESCONECTADO sensor-01
2026-05-26 13:10:40,747 [INFO] CONECTADO sensor-01 (temperatura) lab='lab-1' addr=('127.0.0.1', 63750)
2026-05-26 13:10:41,575 [INFO] LEITURA sensor-01: 9.84°C RTT=0.0ms
2026-05-26 13:10:41,575 [WARNING] ALERTA: sensor-01=9.84°C fora de [10.0,30.0]
2026-05-26 13:10:42,580 [INFO] LEITURA sensor-01: 22.41°C RTT=0.0ms
2026-05-26 13:10:43,624 [INFO] LEITURA sensor-01: 16.37°C RTT=0.0ms
2026-05-26 13:10:44,648 [INFO] LEITURA sensor-01: 14.89°C RTT=0.0ms
2026-05-26 13:10:45,657 [INFO] LEITURA sensor-01: 36.66°C RTT=0.0ms
2026-05-26 13:10:45,657 [WARNING] ALERTA: sensor-01=36.66°C fora de [10.0,30.0]
2026-05-26 13:10:46,662 [INFO] LEITURA sensor-01: 35.82°C RTT=0.0ms
2026-05-26 13:10:46,662 [WARNING] ALERTA: sensor-01=35.82°C fora de [10.0,30.0]
2026-05-26 13:10:47,652 [INFO] LEITURA sensor-01: 23.55°C RTT=0.0ms
2026-05-26 13:10:48,658 [INFO] LEITURA sensor-01: 20.08°C RTT=0.0ms
2026-05-26 13:10:48,881 [INFO] LEITURA sensor-01: 22.94°C RTT=0.0ms
2026-05-26 13:10:49,668 [INFO] LEITURA sensor-01: 15.5°C RTT=0.0ms
2026-05-26 13:10:49,919 [INFO] LEITURA sensor-01: 34.98°C RTT=0.0ms
2026-05-26 13:10:49,919 [WARNING] ALERTA: sensor-01=34.98°C fora de [10.0,30.0]
2026-05-26 13:10:50,681 [INFO] LEITURA sensor-01: 36.0°C RTT=0.0ms
2026-05-26 13:10:50,681 [WARNING] ALERTA: sensor-01=36.0°C fora de [10.0,30.0]
2026-05-26 13:10:50,927 [INFO] LEITURA sensor-01: 19.74°C RTT=0.0ms
2026-05-26 13:10:51,684 [INFO] LEITURA sensor-01: 34.43°C RTT=0.0ms
2026-05-26 13:10:51,684 [WARNING] ALERTA: sensor-01=34.43°C fora de [10.0,30.0]
2026-05-26 13:10:51,933 [INFO] LEITURA sensor-01: 11.26°C RTT=0.0ms
2026-05-26 13:10:53,531 [INFO] LEITURA sensor-01: 37.81°C RTT=0.0ms
2026-05-26 13:10:53,531 [WARNING] ALERTA: sensor-01=37.81°C fora de [10.0,30.0]
2026-05-26 13:10:53,612 [INFO] LEITURA sensor-01: 26.13°C RTT=0.0ms
2026-05-26 13:10:53,755 [INFO] LEITURA sensor-01: 11.27°C RTT=0.0ms
2026-05-26 13:10:54,026 [INFO] LEITURA sensor-01: 9.27°C RTT=0.0ms
2026-05-26 13:10:54,026 [WARNING] ALERTA: sensor-01=9.27°C fora de [10.0,30.0]
2026-05-26 13:10:54,781 [INFO] LEITURA sensor-01: 11.96°C RTT=0.0ms
2026-05-26 13:10:55,021 [INFO] LEITURA sensor-01: 33.29°C RTT=0.0ms
2026-05-26 13:10:55,021 [WARNING] ALERTA: sensor-01=33.29°C fora de [10.0,30.0]
2026-05-26 13:10:55,726 [INFO] LEITURA sensor-01: 13.89°C RTT=0.0ms
2026-05-26 13:10:56,031 [INFO] LEITURA sensor-01: 23.91°C RTT=0.0ms
2026-05-26 13:10:56,816 [INFO] LEITURA sensor-01: 22.5°C RTT=0.0ms
2026-05-26 13:10:57,056 [INFO] LEITURA sensor-01: 24.7°C RTT=0.0ms
2026-05-26 13:10:57,801 [INFO] LEITURA sensor-01: 18.37°C RTT=0.0ms
2026-05-26 13:10:58,064 [INFO] LEITURA sensor-01: 24.36°C RTT=0.0ms
2026-05-26 13:10:58,803 [INFO] LEITURA sensor-01: 25.24°C RTT=0.0ms
2026-05-26 13:10:59,075 [INFO] LEITURA sensor-01: 17.0°C RTT=0.0ms
2026-05-26 13:10:59,763 [INFO] LEITURA sensor-01: 32.75°C RTT=0.0ms
2026-05-26 13:10:59,763 [WARNING] ALERTA: sensor-01=32.75°C fora de [10.0,30.0]
2026-05-26 13:11:00,007 [INFO] LEITURA sensor-01: 20.72°C RTT=0.0ms
2026-05-26 13:11:00,771 [INFO] LEITURA sensor-01: 15.02°C RTT=0.0ms
2026-05-26 13:11:01,011 [INFO] LEITURA sensor-01: 35.55°C RTT=0.0ms
2026-05-26 13:11:01,011 [WARNING] ALERTA: sensor-01=35.55°C fora de [10.0,30.0]
2026-05-26 13:11:01,812 [INFO] LEITURA sensor-01: 14.85°C RTT=0.0ms
2026-05-26 13:11:02,020 [INFO] LEITURA sensor-01: 23.05°C RTT=0.0ms
2026-05-26 13:11:02,821 [INFO] LEITURA sensor-01: 38.96°C RTT=0.0ms
2026-05-26 13:11:02,821 [WARNING] ALERTA: sensor-01=38.96°C fora de [10.0,30.0]
2026-05-26 13:11:03,062 [INFO] LEITURA sensor-01: 18.51°C RTT=0.0ms
2026-05-26 13:11:03,834 [INFO] LEITURA sensor-01: 17.08°C RTT=0.0ms
2026-05-26 13:11:04,081 [INFO] LEITURA sensor-01: 14.33°C RTT=0.0ms
2026-05-26 13:11:04,823 [INFO] LEITURA sensor-01: 33.6°C RTT=0.0ms
2026-05-26 13:11:04,823 [WARNING] ALERTA: sensor-01=33.6°C fora de [10.0,30.0]
2026-05-26 13:11:05,078 [INFO] LEITURA sensor-01: 26.1°C RTT=0.0ms
2026-05-26 13:11:05,832 [INFO] LEITURA sensor-01: 10.1°C RTT=0.0ms
2026-05-26 13:11:06,087 [INFO] LEITURA sensor-01: 23.75°C RTT=0.0ms
2026-05-26 13:11:06,888 [INFO] LEITURA sensor-01: 19.57°C RTT=0.0ms
2026-05-26 13:11:07,097 [INFO] LEITURA sensor-01: 13.34°C RTT=0.0ms
2026-05-26 13:11:07,899 [INFO] LEITURA sensor-01: 25.01°C RTT=0.0ms
2026-05-26 13:11:08,108 [INFO] LEITURA sensor-01: 21.86°C RTT=0.0ms
2026-05-26 13:11:08,905 [INFO] LEITURA sensor-01: 15.83°C RTT=0.0ms
2026-05-26 13:11:09,130 [INFO] LEITURA sensor-01: 27.41°C RTT=0.0ms
2026-05-26 13:11:09,918 [INFO] LEITURA sensor-01: 26.34°C RTT=0.0ms
2026-05-26 13:11:10,133 [INFO] LEITURA sensor-01: 13.65°C RTT=0.0ms
2026-05-26 13:11:10,913 [INFO] LEITURA sensor-01: 16.85°C RTT=0.0ms
2026-05-26 13:11:11,153 [INFO] LEITURA sensor-01: 18.64°C RTT=0.0ms
2026-05-26 13:11:11,940 [INFO] LEITURA sensor-01: 36.1°C RTT=0.0ms
2026-05-26 13:11:11,940 [WARNING] ALERTA: sensor-01=36.1°C fora de [10.0,30.0]
2026-05-26 13:11:12,154 [INFO] LEITURA sensor-01: 12.5°C RTT=0.0ms
2026-05-26 13:11:12,950 [INFO] LEITURA sensor-01: 17.25°C RTT=0.0ms
2026-05-26 13:11:13,159 [INFO] LEITURA sensor-01: 12.89°C RTT=0.0ms
2026-05-26 13:11:13,952 [INFO] LEITURA sensor-01: 23.55°C RTT=0.0ms
2026-05-26 13:11:14,163 [INFO] LEITURA sensor-01: 32.53°C RTT=0.0ms
2026-05-26 13:11:14,163 [WARNING] ALERTA: sensor-01=32.53°C fora de [10.0,30.0]
2026-05-26 13:11:14,948 [INFO] LEITURA sensor-01: 26.66°C RTT=2.017ms
2026-05-26 13:11:15,174 [INFO] LEITURA sensor-01: 36.76°C RTT=0.0ms
2026-05-26 13:11:15,174 [WARNING] ALERTA: sensor-01=36.76°C fora de [10.0,30.0]
2026-05-26 13:11:15,972 [INFO] LEITURA sensor-01: 14.23°C RTT=0.0ms
2026-05-26 13:11:16,180 [INFO] LEITURA sensor-01: 15.02°C RTT=0.0ms
2026-05-26 13:11:16,967 [INFO] LEITURA sensor-01: 11.28°C RTT=0.0ms
2026-05-26 13:11:17,207 [INFO] LEITURA sensor-01: 26.88°C RTT=0.0ms
2026-05-26 13:11:17,991 [INFO] LEITURA sensor-01: 37.9°C RTT=0.0ms
2026-05-26 13:11:17,991 [WARNING] ALERTA: sensor-01=37.9°C fora de [10.0,30.0]
2026-05-26 13:11:18,198 [INFO] LEITURA sensor-01: 12.54°C RTT=0.0ms
2026-05-26 13:11:18,998 [INFO] LEITURA sensor-01: 27.93°C RTT=0.0ms
2026-05-26 13:11:19,206 [INFO] LEITURA sensor-01: 28.24°C RTT=0.0ms
2026-05-26 13:11:20,005 [INFO] LEITURA sensor-01: 25.95°C RTT=0.0ms
2026-05-26 13:11:20,214 [INFO] LEITURA sensor-01: 19.09°C RTT=0.0ms
2026-05-26 13:11:21,015 [INFO] LEITURA sensor-01: 12.23°C RTT=0.0ms
2026-05-26 13:11:21,223 [INFO] LEITURA sensor-01: 28.33°C RTT=0.0ms
2026-05-26 13:11:22,023 [INFO] LEITURA sensor-01: 20.39°C RTT=0.0ms
2026-05-26 13:11:22,232 [INFO] LEITURA sensor-01: 16.17°C RTT=0.0ms
2026-05-26 13:11:23,032 [INFO] LEITURA sensor-01: 22.14°C RTT=0.0ms
2026-05-26 13:11:23,241 [INFO] LEITURA sensor-01: 18.11°C RTT=0.0ms
2026-05-26 13:11:24,040 [INFO] LEITURA sensor-01: 32.16°C RTT=0.0ms
2026-05-26 13:11:24,040 [WARNING] ALERTA: sensor-01=32.16°C fora de [10.0,30.0]
2026-05-26 13:11:24,248 [INFO] LEITURA sensor-01: 13.8°C RTT=0.0ms
2026-05-26 13:11:25,044 [INFO] LEITURA sensor-01: 21.46°C RTT=0.0ms
2026-05-26 13:11:25,276 [INFO] LEITURA sensor-01: 14.29°C RTT=0.0ms
2026-05-26 13:11:26,062 [INFO] LEITURA sensor-01: 12.43°C RTT=0.0ms
2026-05-26 13:11:26,286 [INFO] LEITURA sensor-01: 22.87°C RTT=0.0ms
2026-05-26 13:11:27,072 [INFO] LEITURA sensor-01: 10.28°C RTT=2.016ms
2026-05-26 13:11:27,288 [INFO] LEITURA sensor-01: 23.34°C RTT=0.0ms
2026-05-26 13:11:28,068 [INFO] LEITURA sensor-01: 9.51°C RTT=2.014ms
2026-05-26 13:11:28,068 [WARNING] ALERTA: sensor-01=9.51°C fora de [10.0,30.0]
2026-05-26 13:11:28,291 [INFO] LEITURA sensor-01: 18.74°C RTT=0.0ms
2026-05-26 13:11:29,077 [INFO] LEITURA sensor-01: 25.83°C RTT=0.0ms
2026-05-26 13:11:29,318 [INFO] LEITURA sensor-01: 15.45°C RTT=2.031ms
2026-05-26 13:11:30,097 [INFO] LEITURA sensor-01: 10.04°C RTT=0.0ms
2026-05-26 13:11:30,309 [INFO] LEITURA sensor-01: 38.74°C RTT=0.0ms
2026-05-26 13:11:30,309 [WARNING] ALERTA: sensor-01=38.74°C fora de [10.0,30.0]
2026-05-26 13:11:31,099 [INFO] LEITURA sensor-01: 12.55°C RTT=0.0ms
2026-05-26 13:11:31,318 [INFO] LEITURA sensor-01: 16.61°C RTT=0.0ms
2026-05-26 13:11:32,103 [INFO] LEITURA sensor-01: 17.03°C RTT=0.0ms
2026-05-26 13:11:32,327 [INFO] LEITURA sensor-01: 16.05°C RTT=0.0ms
2026-05-26 13:11:33,114 [INFO] LEITURA sensor-01: 32.29°C RTT=0.0ms
2026-05-26 13:11:33,114 [WARNING] ALERTA: sensor-01=32.29°C fora de [10.0,30.0]
2026-05-26 13:11:33,337 [INFO] LEITURA sensor-01: 10.54°C RTT=0.0ms
2026-05-26 13:11:34,120 [INFO] LEITURA sensor-01: 19.17°C RTT=0.0ms
2026-05-26 13:11:34,343 [INFO] LEITURA sensor-01: 17.28°C RTT=0.0ms
2026-05-26 13:11:35,125 [INFO] LEITURA sensor-01: 38.82°C RTT=0.0ms
2026-05-26 13:11:35,125 [WARNING] ALERTA: sensor-01=38.82°C fora de [10.0,30.0]
2026-05-26 13:11:35,349 [INFO] LEITURA sensor-01: 22.52°C RTT=0.0ms
2026-05-26 13:11:36,151 [INFO] LEITURA sensor-01: 11.42°C RTT=0.0ms
2026-05-26 13:11:36,358 [INFO] LEITURA sensor-01: 32.85°C RTT=0.0ms
2026-05-26 13:11:36,358 [WARNING] ALERTA: sensor-01=32.85°C fora de [10.0,30.0]
2026-05-26 13:11:37,151 [INFO] LEITURA sensor-01: 25.44°C RTT=0.0ms
2026-05-26 13:11:37,373 [INFO] LEITURA sensor-01: 15.14°C RTT=0.0ms
2026-05-26 13:11:38,167 [INFO] LEITURA sensor-01: 18.68°C RTT=0.0ms
2026-05-26 13:11:38,376 [INFO] LEITURA sensor-01: 24.18°C RTT=0.0ms
2026-05-26 13:11:39,177 [INFO] LEITURA sensor-01: 23.8°C RTT=0.0ms
2026-05-26 13:11:39,390 [INFO] LEITURA sensor-01: 21.78°C RTT=0.0ms
2026-05-26 13:11:40,172 [INFO] LEITURA sensor-01: 21.03°C RTT=0.0ms
2026-05-26 13:11:40,397 [INFO] LEITURA sensor-01: 11.61°C RTT=0.0ms
2026-05-26 13:11:41,180 [INFO] LEITURA sensor-01: 18.94°C RTT=0.0ms
2026-05-26 13:11:41,404 [INFO] LEITURA sensor-01: 20.68°C RTT=0.0ms
2026-05-26 13:11:42,190 [INFO] LEITURA sensor-01: 14.35°C RTT=0.0ms
2026-05-26 13:11:42,430 [INFO] LEITURA sensor-01: 33.21°C RTT=0.0ms
2026-05-26 13:11:42,430 [WARNING] ALERTA: sensor-01=33.21°C fora de [10.0,30.0]
2026-05-26 13:11:43,215 [INFO] LEITURA sensor-01: 19.15°C RTT=0.0ms
2026-05-26 13:11:43,433 [INFO] LEITURA sensor-01: 22.71°C RTT=0.0ms
2026-05-26 13:11:44,208 [INFO] LEITURA sensor-01: 19.33°C RTT=0.0ms
2026-05-26 13:11:44,436 [INFO] LEITURA sensor-01: 25.33°C RTT=0.0ms
2026-05-26 13:11:45,216 [INFO] LEITURA sensor-01: 19.23°C RTT=0.0ms
2026-05-26 13:11:45,458 [INFO] LEITURA sensor-01: 17.99°C RTT=0.0ms
2026-05-26 13:11:46,243 [INFO] LEITURA sensor-01: 24.36°C RTT=0.0ms
2026-05-26 13:11:46,451 [INFO] LEITURA sensor-01: 20.59°C RTT=0.0ms
2026-05-26 13:11:47,254 [INFO] LEITURA sensor-01: 28.47°C RTT=0.0ms
2026-05-26 13:11:47,463 [INFO] LEITURA sensor-01: 34.71°C RTT=0.0ms
2026-05-26 13:11:47,463 [WARNING] ALERTA: sensor-01=34.71°C fora de [10.0,30.0]
2026-05-26 13:11:48,263 [INFO] LEITURA sensor-01: 12.1°C RTT=0.0ms
2026-05-26 13:11:48,487 [INFO] LEITURA sensor-01: 18.14°C RTT=0.0ms
2026-05-26 13:11:49,273 [INFO] LEITURA sensor-01: 34.22°C RTT=0.0ms
2026-05-26 13:11:49,273 [WARNING] ALERTA: sensor-01=34.22°C fora de [10.0,30.0]
2026-05-26 13:11:49,482 [INFO] LEITURA sensor-01: 26.38°C RTT=0.0ms
2026-05-26 13:11:50,269 [INFO] LEITURA sensor-01: 21.72°C RTT=0.0ms
2026-05-26 13:11:50,509 [INFO] LEITURA sensor-01: 14.75°C RTT=0.0ms
2026-05-26 13:11:51,308 [INFO] LEITURA sensor-01: 10.99°C RTT=0.0ms
2026-05-26 13:11:51,516 [INFO] LEITURA sensor-01: 21.2°C RTT=0.0ms
2026-05-26 13:11:52,332 [INFO] LEITURA sensor-01: 21.03°C RTT=0.0ms
2026-05-26 13:11:52,508 [INFO] LEITURA sensor-01: 36.84°C RTT=0.0ms
2026-05-26 13:11:52,508 [WARNING] ALERTA: sensor-01=36.84°C fora de [10.0,30.0]
2026-05-26 13:11:53,342 [INFO] LEITURA sensor-01: 35.96°C RTT=0.0ms
2026-05-26 13:11:53,342 [WARNING] ALERTA: sensor-01=35.96°C fora de [10.0,30.0]
2026-05-26 13:11:53,527 [INFO] LEITURA sensor-01: 26.07°C RTT=0.0ms
2026-05-26 13:11:54,352 [INFO] LEITURA sensor-01: 21.57°C RTT=0.0ms
2026-05-26 13:11:54,545 [INFO] LEITURA sensor-01: 20.83°C RTT=0.0ms
2026-05-26 13:11:55,395 [INFO] LEITURA sensor-01: 16.66°C RTT=0.0ms
2026-05-26 13:11:55,539 [INFO] LEITURA sensor-01: 10.81°C RTT=0.0ms
2026-05-26 13:11:56,404 [INFO] LEITURA sensor-01: 23.05°C RTT=0.0ms
2026-05-26 13:11:56,548 [INFO] LEITURA sensor-01: 36.02°C RTT=0.0ms
2026-05-26 13:11:56,548 [WARNING] ALERTA: sensor-01=36.02°C fora de [10.0,30.0]
2026-05-26 13:11:57,413 [INFO] LEITURA sensor-01: 12.19°C RTT=0.0ms
2026-05-26 13:11:57,577 [INFO] LEITURA sensor-01: 11.35°C RTT=0.0ms
2026-05-26 13:11:58,422 [INFO] LEITURA sensor-01: 19.87°C RTT=0.0ms
2026-05-26 13:11:58,598 [INFO] LEITURA sensor-01: 12.36°C RTT=0.0ms
2026-05-26 13:11:59,416 [INFO] LEITURA sensor-01: 21.23°C RTT=0.0ms
2026-05-26 13:11:59,608 [INFO] LEITURA sensor-01: 23.03°C RTT=0.0ms
2026-05-26 13:12:00,439 [INFO] LEITURA sensor-01: 24.24°C RTT=0.0ms
2026-05-26 13:12:00,616 [INFO] LEITURA sensor-01: 33.1°C RTT=0.0ms
2026-05-26 13:12:00,616 [WARNING] ALERTA: sensor-01=33.1°C fora de [10.0,30.0]
2026-05-26 13:12:01,435 [INFO] LEITURA sensor-01: 23.87°C RTT=0.0ms
2026-05-26 13:12:01,626 [INFO] LEITURA sensor-01: 28.09°C RTT=0.0ms
2026-05-26 13:12:02,457 [INFO] LEITURA sensor-01: 25.07°C RTT=0.0ms
2026-05-26 13:12:02,682 [INFO] LEITURA sensor-01: 22.01°C RTT=0.0ms
2026-05-26 13:12:03,468 [INFO] LEITURA sensor-01: 9.47°C RTT=0.0ms
2026-05-26 13:12:03,468 [WARNING] ALERTA: sensor-01=9.47°C fora de [10.0,30.0]
2026-05-26 13:12:03,677 [INFO] LEITURA sensor-01: 27.33°C RTT=0.0ms
2026-05-26 13:12:04,465 [INFO] LEITURA sensor-01: 19.35°C RTT=0.0ms
2026-05-26 13:12:04,686 [INFO] LEITURA sensor-01: 28.44°C RTT=0.0ms
2026-05-26 13:12:05,470 [INFO] LEITURA sensor-01: 24.14°C RTT=0.0ms
2026-05-26 13:12:05,703 [INFO] LEITURA sensor-01: 18.6°C RTT=0.0ms
2026-05-26 13:12:06,495 [INFO] LEITURA sensor-01: 19.85°C RTT=0.0ms
2026-05-26 13:12:06,707 [INFO] LEITURA sensor-01: 10.18°C RTT=0.0ms
2026-05-26 13:12:07,504 [INFO] LEITURA sensor-01: 23.81°C RTT=0.0ms
2026-05-26 13:12:07,728 [INFO] LEITURA sensor-01: 10.22°C RTT=0.0ms
2026-05-26 13:12:08,515 [INFO] LEITURA sensor-01: 17.27°C RTT=0.0ms
2026-05-26 13:12:08,739 [INFO] LEITURA sensor-01: 9.71°C RTT=0.0ms
2026-05-26 13:12:08,739 [WARNING] ALERTA: sensor-01=9.71°C fora de [10.0,30.0]
2026-05-26 13:12:09,522 [INFO] LEITURA sensor-01: 36.86°C RTT=0.0ms
2026-05-26 13:12:09,522 [WARNING] ALERTA: sensor-01=36.86°C fora de [10.0,30.0]
2026-05-26 13:12:09,728 [INFO] LEITURA sensor-01: 13.09°C RTT=0.0ms
2026-05-26 13:12:10,531 [INFO] LEITURA sensor-01: 27.94°C RTT=0.0ms
2026-05-26 13:12:10,740 [INFO] LEITURA sensor-01: 20.38°C RTT=0.0ms
2026-05-26 13:12:11,587 [INFO] LEITURA sensor-01: 9.2°C RTT=0.0ms
2026-05-26 13:12:11,587 [WARNING] ALERTA: sensor-01=9.2°C fora de [10.0,30.0]
2026-05-26 13:12:11,763 [INFO] LEITURA sensor-01: 22.61°C RTT=0.0ms
2026-05-26 13:12:12,580 [INFO] LEITURA sensor-01: 25.66°C RTT=0.0ms
2026-05-26 13:12:12,756 [INFO] LEITURA sensor-01: 23.2°C RTT=0.0ms
2026-05-26 13:12:13,588 [INFO] LEITURA sensor-01: 32.36°C RTT=0.0ms
2026-05-26 13:12:13,588 [WARNING] ALERTA: sensor-01=32.36°C fora de [10.0,30.0]
2026-05-26 13:12:13,763 [INFO] LEITURA sensor-01: 9.83°C RTT=0.0ms
2026-05-26 13:12:13,763 [WARNING] ALERTA: sensor-01=9.83°C fora de [10.0,30.0]
2026-05-26 13:12:14,593 [INFO] LEITURA sensor-01: 23.09°C RTT=0.0ms
2026-05-26 13:12:14,768 [INFO] LEITURA sensor-01: 17.77°C RTT=0.0ms
2026-05-26 13:12:15,616 [INFO] LEITURA sensor-01: 37.56°C RTT=0.0ms
2026-05-26 13:12:15,616 [WARNING] ALERTA: sensor-01=37.56°C fora de [10.0,30.0]
2026-05-26 13:12:16,622 [INFO] LEITURA sensor-01: 35.17°C RTT=0.0ms
2026-05-26 13:12:16,622 [WARNING] ALERTA: sensor-01=35.17°C fora de [10.0,30.0]
2026-05-26 13:12:18,942 [INFO] DESCONEXÃO voluntária: sensor-01
2026-05-26 13:12:18,948 [INFO] DESCONECTADO sensor-01
2026-05-26 13:12:29,732 [INFO] CONECTADO sensor-02 (temperatura) lab='lab-2' addr=('127.0.0.1', 61627)
2026-05-26 13:12:46,865 [INFO] LEITURA sensor-02: 17.02°C RTT=0.0ms
2026-05-26 13:12:47,891 [INFO] LEITURA sensor-02: 35.86°C RTT=0.0ms
2026-05-26 13:12:47,891 [WARNING] ALERTA: sensor-02=35.86°C fora de [10.0,30.0]
2026-05-26 13:12:48,918 [INFO] LEITURA sensor-02: 31.81°C RTT=0.0ms
2026-05-26 13:12:48,918 [WARNING] ALERTA: sensor-02=31.81°C fora de [10.0,30.0]
2026-05-26 13:12:49,927 [INFO] LEITURA sensor-02: 38.98°C RTT=0.0ms
2026-05-26 13:12:49,927 [WARNING] ALERTA: sensor-02=38.98°C fora de [10.0,30.0]
2026-05-26 13:12:50,984 [INFO] LEITURA sensor-02: 10.89°C RTT=0.0ms
2026-05-26 13:12:51,983 [INFO] LEITURA sensor-02: 27.01°C RTT=2.021ms
2026-05-26 13:12:53,003 [INFO] LEITURA sensor-02: 20.97°C RTT=0.0ms
2026-05-26 13:12:53,995 [INFO] LEITURA sensor-02: 11.71°C RTT=0.0ms
2026-05-26 13:12:54,998 [INFO] LEITURA sensor-02: 26.49°C RTT=0.0ms
2026-05-26 13:12:55,997 [INFO] LEITURA sensor-02: 13.52°C RTT=0.0ms
2026-05-26 13:12:57,023 [INFO] LEITURA sensor-02: 20.65°C RTT=0.0ms
2026-05-26 13:12:58,029 [INFO] LEITURA sensor-02: 33.22°C RTT=0.0ms
2026-05-26 13:12:58,029 [WARNING] ALERTA: sensor-02=33.22°C fora de [10.0,30.0]
2026-05-26 13:12:59,041 [INFO] LEITURA sensor-02: 26.09°C RTT=0.0ms
2026-05-26 13:13:00,082 [INFO] LEITURA sensor-02: 16.21°C RTT=0.0ms
2026-05-26 13:13:01,076 [INFO] LEITURA sensor-02: 14.17°C RTT=0.0ms
2026-05-26 13:13:02,101 [INFO] LEITURA sensor-02: 14.54°C RTT=0.0ms
2026-05-26 13:13:03,094 [INFO] LEITURA sensor-02: 12.49°C RTT=0.0ms
2026-05-26 13:13:04,120 [INFO] LEITURA sensor-02: 21.31°C RTT=0.0ms
2026-05-26 13:13:05,111 [INFO] LEITURA sensor-02: 34.59°C RTT=0.0ms
2026-05-26 13:13:05,111 [WARNING] ALERTA: sensor-02=34.59°C fora de [10.0,30.0]
2026-05-26 13:13:06,135 [INFO] LEITURA sensor-02: 33.92°C RTT=0.0ms
2026-05-26 13:13:06,135 [WARNING] ALERTA: sensor-02=33.92°C fora de [10.0,30.0]
2026-05-26 13:13:07,129 [INFO] LEITURA sensor-02: 18.49°C RTT=0.0ms
2026-05-26 13:13:08,170 [INFO] LEITURA sensor-02: 27.63°C RTT=0.0ms
2026-05-26 13:13:09,198 [INFO] LEITURA sensor-02: 9.91°C RTT=0.0ms
2026-05-26 13:13:09,198 [WARNING] ALERTA: sensor-02=9.91°C fora de [10.0,30.0]
2026-05-26 13:13:10,203 [INFO] LEITURA sensor-02: 14.44°C RTT=0.0ms
2026-05-26 13:13:11,197 [INFO] LEITURA sensor-02: 9.36°C RTT=0.0ms
2026-05-26 13:13:11,197 [WARNING] ALERTA: sensor-02=9.36°C fora de [10.0,30.0]
2026-05-26 13:13:12,219 [INFO] LEITURA sensor-02: 23.01°C RTT=0.0ms
2026-05-26 13:13:13,224 [INFO] LEITURA sensor-02: 37.85°C RTT=0.0ms
2026-05-26 13:13:13,224 [WARNING] ALERTA: sensor-02=37.85°C fora de [10.0,30.0]
2026-05-26 13:13:14,217 [INFO] LEITURA sensor-02: 13.79°C RTT=0.0ms
2026-05-26 13:13:15,224 [INFO] LEITURA sensor-02: 19.68°C RTT=0.0ms
2026-05-26 13:13:16,233 [INFO] LEITURA sensor-02: 25.0°C RTT=0.0ms
2026-05-26 13:13:17,243 [INFO] LEITURA sensor-02: 19.11°C RTT=0.0ms
2026-05-26 13:13:18,250 [INFO] LEITURA sensor-02: 18.77°C RTT=0.0ms
2026-05-26 13:13:19,259 [INFO] LEITURA sensor-02: 27.89°C RTT=0.0ms
2026-05-26 13:13:20,270 [INFO] LEITURA sensor-02: 21.14°C RTT=0.0ms
2026-05-26 13:46:49,071 [INFO] DESCONEXÃO voluntária: sensor-01
2026-05-26 13:46:49,107 [INFO] DESCONECTADO sensor-01
2026-05-26 13:46:54,582 [INFO] DESCONEXÃO voluntária: sensor-02
2026-05-26 13:46:54,594 [INFO] DESCONECTADO sensor-02
2026-05-26 13:53:24,667 [INFO] Servidor TCP aguardando em 127.0.0.1:9000
2026-05-26 13:53:24,667 [INFO] Painel web: http://127.0.0.1:8080/painel
2026-05-26 13:53:24,675 [INFO] Painel HTTP em http://127.0.0.1:8080/painel
2026-05-26 13:54:49,394 [INFO] CONECTADO sensor-01 (temperatura) lab='lab-1' addr=('127.0.0.1', 58483)
2026-05-26 13:55:08,654 [INFO] LEITURA sensor-01: 13.6°C RTT=0.514ms
2026-05-26 13:55:09,699 [INFO] LEITURA sensor-01: 27.34°C RTT=0.0ms
2026-05-26 13:55:10,710 [INFO] LEITURA sensor-01: 17.48°C RTT=0.513ms
2026-05-26 13:55:11,703 [INFO] LEITURA sensor-01: 17.8°C RTT=0.0ms
2026-05-26 13:55:12,712 [INFO] LEITURA sensor-01: 26.69°C RTT=0.0ms
2026-05-26 13:55:13,714 [INFO] LEITURA sensor-01: 15.98°C RTT=0.0ms
2026-05-26 13:55:14,728 [INFO] LEITURA sensor-01: 36.49°C RTT=0.0ms
2026-05-26 13:55:14,728 [WARNING] ALERTA: sensor-01=36.49°C fora de [10.0,30.0]
2026-05-26 13:55:15,739 [INFO] LEITURA sensor-01: 11.7°C RTT=1.101ms
2026-05-26 13:55:16,754 [INFO] LEITURA sensor-01: 27.97°C RTT=0.0ms
2026-05-26 13:55:17,754 [INFO] LEITURA sensor-01: 18.87°C RTT=0.406ms
2026-05-26 13:55:18,755 [INFO] LEITURA sensor-01: 34.27°C RTT=0.0ms
2026-05-26 13:55:18,755 [WARNING] ALERTA: sensor-01=34.27°C fora de [10.0,30.0]
2026-05-26 13:55:19,767 [INFO] LEITURA sensor-01: 23.37°C RTT=0.929ms
2026-05-26 13:55:20,767 [INFO] LEITURA sensor-01: 22.66°C RTT=0.758ms
2026-05-26 13:55:21,777 [INFO] LEITURA sensor-01: 27.12°C RTT=1.347ms
2026-05-26 13:55:22,777 [INFO] LEITURA sensor-01: 36.46°C RTT=1.031ms
2026-05-26 13:55:22,777 [WARNING] ALERTA: sensor-01=36.46°C fora de [10.0,30.0]
2026-05-26 13:55:23,785 [INFO] LEITURA sensor-01: 28.2°C RTT=1.001ms
2026-05-26 13:55:24,807 [INFO] LEITURA sensor-01: 17.6°C RTT=0.0ms
2026-05-26 13:55:25,806 [INFO] LEITURA sensor-01: 24.82°C RTT=0.0ms
2026-05-26 13:55:26,843 [INFO] LEITURA sensor-01: 24.84°C RTT=0.0ms
2026-05-26 13:55:27,854 [INFO] LEITURA sensor-01: 24.43°C RTT=0.0ms
2026-05-26 13:55:28,854 [INFO] LEITURA sensor-01: 17.59°C RTT=0.0ms
2026-05-26 13:55:29,873 [INFO] LEITURA sensor-01: 32.11°C RTT=0.0ms
2026-05-26 13:55:29,873 [WARNING] ALERTA: sensor-01=32.11°C fora de [10.0,30.0]
2026-05-26 13:55:30,884 [INFO] LEITURA sensor-01: 16.93°C RTT=0.552ms
2026-05-26 13:55:31,884 [INFO] LEITURA sensor-01: 36.62°C RTT=0.0ms
2026-05-26 13:55:31,884 [WARNING] ALERTA: sensor-01=36.62°C fora de [10.0,30.0]
2026-05-26 13:55:32,900 [INFO] LEITURA sensor-01: 24.52°C RTT=0.0ms
2026-05-26 13:55:33,940 [INFO] LEITURA sensor-01: 13.99°C RTT=0.496ms
2026-05-26 13:55:34,944 [INFO] LEITURA sensor-01: 37.85°C RTT=0.0ms
2026-05-26 13:55:34,944 [WARNING] ALERTA: sensor-01=37.85°C fora de [10.0,30.0]
2026-05-26 13:55:35,942 [INFO] LEITURA sensor-01: 17.12°C RTT=0.0ms
2026-05-26 13:55:36,944 [INFO] LEITURA sensor-01: 38.11°C RTT=0.0ms
2026-05-26 13:55:36,944 [WARNING] ALERTA: sensor-01=38.11°C fora de [10.0,30.0]
2026-05-26 13:55:46,957 [INFO] LEITURA sensor-01: 38.83°C RTT=0.0ms
2026-05-26 13:55:46,959 [WARNING] ALERTA: sensor-01=38.83°C fora de [10.0,30.0]
2026-05-26 13:55:55,007 [INFO] LEITURA sensor-01: 15.97°C RTT=1.293ms
2026-05-26 13:56:03,027 [INFO] LEITURA sensor-01: 18.61°C RTT=1.217ms
2026-05-26 13:56:11,035 [INFO] LEITURA sensor-01: 16.35°C RTT=1.158ms
2026-05-26 13:56:19,044 [INFO] LEITURA sensor-01: 25.49°C RTT=0.0ms
2026-05-26 13:56:27,101 [INFO] LEITURA sensor-01: 17.57°C RTT=0.0ms
2026-05-26 13:56:52,674 [INFO] LEITURA sensor-01: 24.04°C RTT=0.0ms
2026-05-26 13:56:53,706 [INFO] LEITURA sensor-01: 12.76°C RTT=0.0ms
2026-05-26 13:56:54,714 [INFO] LEITURA sensor-01: 10.47°C RTT=0.0ms
2026-05-26 13:56:55,732 [INFO] LEITURA sensor-01: 19.44°C RTT=0.53ms
2026-05-26 13:56:56,754 [INFO] LEITURA sensor-01: 22.96°C RTT=0.496ms
2026-05-26 13:56:57,768 [INFO] LEITURA sensor-01: 22.37°C RTT=0.0ms
2026-05-26 13:56:58,766 [INFO] LEITURA sensor-01: 14.84°C RTT=0.0ms
2026-05-26 13:56:59,786 [INFO] LEITURA sensor-01: 32.34°C RTT=0.0ms
2026-05-26 13:56:59,786 [WARNING] ALERTA: sensor-01=32.34°C fora de [10.0,30.0]
2026-05-26 13:57:00,801 [INFO] LEITURA sensor-01: 37.37°C RTT=0.869ms
2026-05-26 13:57:00,801 [WARNING] ALERTA: sensor-01=37.37°C fora de [10.0,30.0]
2026-05-26 13:57:01,804 [INFO] LEITURA sensor-01: 27.55°C RTT=2.028ms
2026-05-26 13:57:02,844 [INFO] LEITURA sensor-01: 24.68°C RTT=0.0ms
2026-05-26 13:57:03,844 [INFO] LEITURA sensor-01: 18.67°C RTT=0.0ms
2026-05-26 13:57:04,844 [INFO] LEITURA sensor-01: 9.62°C RTT=0.0ms
2026-05-26 13:57:04,844 [WARNING] ALERTA: sensor-01=9.62°C fora de [10.0,30.0]
2026-05-26 13:57:05,856 [INFO] LEITURA sensor-01: 12.55°C RTT=0.0ms
2026-05-26 13:57:06,866 [INFO] LEITURA sensor-01: 17.01°C RTT=0.0ms
2026-05-26 13:57:07,874 [INFO] LEITURA sensor-01: 18.33°C RTT=0.0ms
2026-05-26 13:57:08,874 [INFO] LEITURA sensor-01: 13.97°C RTT=0.0ms
2026-05-26 13:57:09,888 [INFO] LEITURA sensor-01: 18.72°C RTT=0.0ms
2026-05-26 13:57:10,885 [INFO] LEITURA sensor-01: 20.75°C RTT=0.0ms
2026-05-26 13:57:11,897 [INFO] LEITURA sensor-01: 15.38°C RTT=0.0ms
2026-05-26 13:58:12,194 [INFO] DESCONEXÃO voluntária: sensor-01
2026-05-26 13:58:12,204 [INFO] DESCONECTADO sensor-01
2026-05-26 13:58:17,334 [INFO] CONECTADO sensor-01 (cpu) lab='lab-1' addr=('127.0.0.1', 59087)
2026-05-26 13:58:27,615 [INFO] LEITURA sensor-01: 25.0% RTT=0.0ms
2026-05-26 13:58:31,096 [INFO] LEITURA sensor-01: 25.0% RTT=0.0ms
2026-05-26 13:58:31,680 [INFO] LEITURA sensor-01: 25.0% RTT=0.0ms
2026-05-26 13:58:32,596 [INFO] LEITURA sensor-01: 25.0% RTT=0.0ms
2026-05-26 13:58:33,607 [INFO] LEITURA sensor-01: 25.0% RTT=0.0ms
2026-05-26 13:58:34,674 [INFO] LEITURA sensor-01: 25.0% RTT=0.0ms
2026-05-26 13:58:35,630 [INFO] LEITURA sensor-01: 25.0% RTT=0.0ms
2026-05-26 13:58:36,468 [INFO] LEITURA sensor-01: 25.0% RTT=0.0ms
2026-05-26 13:58:37,194 [INFO] LEITURA sensor-01: 25.0% RTT=0.0ms
2026-05-26 13:58:37,814 [INFO] LEITURA sensor-01: 25.0% RTT=0.0ms
2026-05-26 13:58:38,357 [INFO] LEITURA sensor-01: 25.0% RTT=0.0ms
2026-05-26 13:58:38,908 [INFO] LEITURA sensor-01: 25.0% RTT=0.0ms
2026-05-26 13:58:39,413 [INFO] LEITURA sensor-01: 25.0% RTT=7.78ms
2026-05-26 13:58:39,993 [INFO] LEITURA sensor-01: 25.0% RTT=0.0ms
2026-05-26 13:58:40,733 [INFO] LEITURA sensor-01: 25.0% RTT=0.0ms
2026-05-26 13:58:41,836 [INFO] LEITURA sensor-01: 25.0% RTT=0.0ms
2026-05-26 13:58:44,143 [INFO] LEITURA sensor-01: 25.0% RTT=0.0ms
2026-05-26 13:58:46,309 [INFO] LEITURA sensor-01: 25.0% RTT=0.0ms
2026-05-26 13:58:51,343 [INFO] LEITURA sensor-01: 105.8% RTT=0.0ms
2026-05-26 13:58:51,343 [WARNING] ALERTA: sensor-01=105.8% fora de [0.0,90.0]
2026-05-26 13:58:52,394 [INFO] LEITURA sensor-01: 54.0% RTT=0.0ms
2026-05-26 13:58:53,413 [INFO] LEITURA sensor-01: 44.19% RTT=0.0ms
2026-05-26 13:58:54,418 [INFO] LEITURA sensor-01: 83.73% RTT=0.0ms
2026-05-26 13:58:55,423 [INFO] LEITURA sensor-01: 110.89% RTT=2.064ms
2026-05-26 13:58:55,423 [WARNING] ALERTA: sensor-01=110.89% fora de [0.0,90.0]
2026-05-26 13:58:56,423 [INFO] LEITURA sensor-01: 102.33% RTT=0.0ms
2026-05-26 13:58:56,423 [WARNING] ALERTA: sensor-01=102.33% fora de [0.0,90.0]
2026-05-26 13:58:57,433 [INFO] LEITURA sensor-01: 110.12% RTT=0.0ms
2026-05-26 13:58:57,439 [WARNING] ALERTA: sensor-01=110.12% fora de [0.0,90.0]
2026-05-26 13:58:58,453 [INFO] LEITURA sensor-01: 46.27% RTT=0.0ms
2026-05-26 13:58:59,486 [INFO] LEITURA sensor-01: 80.06% RTT=1.222ms
2026-05-26 13:59:01,257 [INFO] LEITURA sensor-01: 68.86% RTT=0.0ms
2026-05-26 13:59:01,563 [INFO] LEITURA sensor-01: 105.27% RTT=0.0ms
2026-05-26 13:59:01,563 [WARNING] ALERTA: sensor-01=105.27% fora de [0.0,90.0]
2026-05-26 13:59:02,573 [INFO] LEITURA sensor-01: 77.97% RTT=0.0ms
2026-05-26 13:59:03,903 [INFO] LEITURA sensor-01: 78.14% RTT=2.17ms
2026-05-26 13:59:04,606 [INFO] LEITURA sensor-01: 76.68% RTT=0.0ms
2026-05-26 13:59:05,614 [INFO] LEITURA sensor-01: 10.98% RTT=1.759ms
2026-05-26 13:59:07,594 [INFO] LEITURA sensor-01: 15.73% RTT=0.0ms
2026-05-26 13:59:07,624 [INFO] LEITURA sensor-01: 11.16% RTT=0.0ms
2026-05-26 13:59:08,564 [INFO] LEITURA sensor-01: 14.57% RTT=0.0ms
2026-05-26 13:59:09,573 [INFO] LEITURA sensor-01: 97.01% RTT=1.557ms
2026-05-26 13:59:09,573 [WARNING] ALERTA: sensor-01=97.01% fora de [0.0,90.0]
2026-05-26 13:59:10,565 [INFO] LEITURA sensor-01: 82.28% RTT=0.0ms
2026-05-26 13:59:11,576 [INFO] LEITURA sensor-01: 32.96% RTT=0.0ms
2026-05-26 13:59:14,841 [INFO] LEITURA sensor-01: 69.86% RTT=0.0ms
2026-05-26 13:59:14,859 [INFO] LEITURA sensor-01: 25.31% RTT=0.0ms
2026-05-26 13:59:14,875 [INFO] LEITURA sensor-01: 22.89% RTT=0.0ms
2026-05-26 13:59:15,609 [INFO] LEITURA sensor-01: 58.43% RTT=0.0ms
2026-05-26 13:59:16,617 [INFO] LEITURA sensor-01: 1.52% RTT=0.0ms
2026-05-26 13:59:17,611 [INFO] LEITURA sensor-01: 72.48% RTT=0.0ms
2026-05-26 13:59:18,618 [INFO] LEITURA sensor-01: 20.96% RTT=0.0ms
2026-05-26 13:59:19,628 [INFO] LEITURA sensor-01: 111.98% RTT=0.0ms
2026-05-26 13:59:19,628 [WARNING] ALERTA: sensor-01=111.98% fora de [0.0,90.0]
2026-05-26 13:59:20,641 [INFO] LEITURA sensor-01: 26.49% RTT=0.0ms
2026-05-26 13:59:21,638 [INFO] LEITURA sensor-01: 13.13% RTT=0.0ms
2026-05-26 13:59:22,645 [INFO] LEITURA sensor-01: 66.44% RTT=0.0ms
2026-05-26 13:59:23,651 [INFO] LEITURA sensor-01: 103.33% RTT=0.0ms
2026-05-26 13:59:23,651 [WARNING] ALERTA: sensor-01=103.33% fora de [0.0,90.0]
2026-05-26 13:59:24,669 [INFO] LEITURA sensor-01: 49.33% RTT=0.0ms
2026-05-26 13:59:25,670 [INFO] LEITURA sensor-01: 31.35% RTT=0.0ms
2026-05-26 13:59:26,676 [INFO] LEITURA sensor-01: 70.47% RTT=0.0ms
2026-05-26 13:59:27,700 [INFO] LEITURA sensor-01: 25.48% RTT=0.0ms
2026-05-26 13:59:28,692 [INFO] LEITURA sensor-01: 9.65% RTT=0.0ms
2026-05-26 13:59:29,708 [INFO] LEITURA sensor-01: 21.85% RTT=0.0ms
2026-05-26 13:59:30,724 [INFO] LEITURA sensor-01: 8.29% RTT=0.0ms
2026-05-26 13:59:31,729 [INFO] LEITURA sensor-01: 96.36% RTT=0.0ms
2026-05-26 13:59:31,729 [WARNING] ALERTA: sensor-01=96.36% fora de [0.0,90.0]
2026-05-26 13:59:32,750 [INFO] LEITURA sensor-01: 104.34% RTT=0.0ms
2026-05-26 13:59:32,750 [WARNING] ALERTA: sensor-01=104.34% fora de [0.0,90.0]
2026-05-26 13:59:33,795 [INFO] LEITURA sensor-01: 27.25% RTT=0.0ms
2026-05-26 13:59:34,813 [INFO] LEITURA sensor-01: 8.06% RTT=0.0ms
2026-05-26 13:59:35,800 [INFO] LEITURA sensor-01: 26.45% RTT=0.0ms
2026-05-26 13:59:36,804 [INFO] LEITURA sensor-01: 57.17% RTT=0.0ms
2026-05-26 13:59:37,820 [INFO] LEITURA sensor-01: 57.58% RTT=0.0ms
2026-05-26 13:59:38,819 [INFO] LEITURA sensor-01: 74.14% RTT=0.0ms
2026-05-26 13:59:39,843 [INFO] LEITURA sensor-01: 36.72% RTT=0.0ms
2026-05-26 13:59:40,852 [INFO] LEITURA sensor-01: 79.96% RTT=0.0ms
2026-05-26 13:59:41,845 [INFO] LEITURA sensor-01: 22.56% RTT=0.0ms
2026-05-26 13:59:42,868 [INFO] LEITURA sensor-01: 115.83% RTT=0.0ms
2026-05-26 13:59:42,868 [WARNING] ALERTA: sensor-01=115.83% fora de [0.0,90.0]
2026-05-26 13:59:43,861 [INFO] LEITURA sensor-01: 9.88% RTT=0.0ms
2026-05-26 13:59:44,917 [INFO] LEITURA sensor-01: 36.23% RTT=0.0ms
2026-05-26 13:59:45,925 [INFO] LEITURA sensor-01: 77.42% RTT=0.0ms
2026-05-26 13:59:46,927 [INFO] LEITURA sensor-01: 98.27% RTT=0.0ms
2026-05-26 13:59:46,927 [WARNING] ALERTA: sensor-01=98.27% fora de [0.0,90.0]
2026-05-26 13:59:47,052 [INFO] CONECTADO sensor-01 (temperatura) lab='lab-1' addr=('127.0.0.1', 64976)
2026-05-26 13:59:47,917 [INFO] LEITURA sensor-01: 10.47% RTT=0.0ms
2026-05-26 13:59:48,921 [INFO] LEITURA sensor-01: 45.73% RTT=0.0ms
2026-05-26 13:59:49,942 [INFO] LEITURA sensor-01: 97.13% RTT=0.0ms
2026-05-26 13:59:49,942 [WARNING] ALERTA: sensor-01=97.13% fora de [0.0,90.0]
2026-05-26 13:59:50,949 [INFO] LEITURA sensor-01: 30.7% RTT=0.0ms
2026-05-26 13:59:51,977 [INFO] LEITURA sensor-01: 6.76% RTT=0.0ms
2026-05-26 13:59:52,977 [INFO] LEITURA sensor-01: 58.63% RTT=0.0ms
2026-05-26 13:59:53,983 [INFO] LEITURA sensor-01: 45.66% RTT=0.0ms
2026-05-26 13:59:54,992 [INFO] LEITURA sensor-01: 41.74% RTT=0.0ms
2026-05-26 13:59:55,453 [INFO] LEITURA sensor-01: 9.32°C RTT=0.0ms
2026-05-26 13:59:55,453 [WARNING] ALERTA: sensor-01=9.32°C fora de [10.0,30.0]
2026-05-26 13:59:55,998 [INFO] LEITURA sensor-01: 36.36% RTT=0.0ms
2026-05-26 13:59:56,525 [INFO] LEITURA sensor-01: 23.67°C RTT=0.0ms
2026-05-26 13:59:57,005 [INFO] LEITURA sensor-01: 103.1% RTT=0.0ms
2026-05-26 13:59:57,005 [WARNING] ALERTA: sensor-01=103.1% fora de [0.0,90.0]
2026-05-26 13:59:57,533 [INFO] LEITURA sensor-01: 21.47°C RTT=0.0ms
2026-05-26 13:59:58,014 [INFO] LEITURA sensor-01: 76.19% RTT=0.0ms
2026-05-26 13:59:58,559 [INFO] LEITURA sensor-01: 23.24°C RTT=0.0ms
2026-05-26 13:59:59,027 [INFO] LEITURA sensor-01: 72.54% RTT=0.0ms
2026-05-26 13:59:59,550 [INFO] LEITURA sensor-01: 23.28°C RTT=0.0ms
2026-05-26 14:00:00,034 [INFO] LEITURA sensor-01: 103.52% RTT=0.0ms
2026-05-26 14:00:00,034 [WARNING] ALERTA: sensor-01=103.52% fora de [0.0,90.0]
2026-05-26 14:00:00,561 [INFO] LEITURA sensor-01: 20.95°C RTT=0.0ms
2026-05-26 14:00:01,039 [INFO] LEITURA sensor-01: 16.74% RTT=0.0ms
2026-05-26 14:00:01,567 [INFO] LEITURA sensor-01: 10.66°C RTT=0.0ms
2026-05-26 14:00:02,061 [INFO] LEITURA sensor-01: 31.45% RTT=0.0ms
2026-05-26 14:00:02,574 [INFO] LEITURA sensor-01: 32.41°C RTT=0.0ms
2026-05-26 14:00:02,574 [WARNING] ALERTA: sensor-01=32.41°C fora de [10.0,30.0]
2026-05-26 14:00:03,054 [INFO] LEITURA sensor-01: 55.11% RTT=0.0ms
2026-05-26 14:00:03,582 [INFO] LEITURA sensor-01: 20.35°C RTT=0.0ms
2026-05-26 14:00:04,073 [INFO] LEITURA sensor-01: 115.68% RTT=0.0ms
2026-05-26 14:00:04,073 [WARNING] ALERTA: sensor-01=115.68% fora de [0.0,90.0]
2026-05-26 14:00:04,589 [INFO] LEITURA sensor-01: 10.54°C RTT=0.0ms
2026-05-26 14:00:05,076 [INFO] LEITURA sensor-01: 80.03% RTT=0.0ms
2026-05-26 14:00:05,612 [INFO] LEITURA sensor-01: 10.73°C RTT=0.0ms
2026-05-26 14:00:06,114 [INFO] LEITURA sensor-01: 38.13% RTT=0.0ms
2026-05-26 14:00:06,610 [INFO] LEITURA sensor-01: 10.65°C RTT=0.0ms
2026-05-26 14:00:07,136 [INFO] LEITURA sensor-01: 51.82% RTT=0.0ms
2026-05-26 14:00:07,615 [INFO] LEITURA sensor-01: 25.86°C RTT=0.0ms
2026-05-26 14:00:08,144 [INFO] LEITURA sensor-01: 38.35% RTT=0.0ms
2026-05-26 14:00:08,639 [INFO] LEITURA sensor-01: 32.67°C RTT=0.0ms
2026-05-26 14:00:08,639 [WARNING] ALERTA: sensor-01=32.67°C fora de [10.0,30.0]
2026-05-26 14:00:09,142 [INFO] LEITURA sensor-01: 5.75% RTT=0.0ms
2026-05-26 14:00:09,647 [INFO] LEITURA sensor-01: 10.52°C RTT=0.0ms
2026-05-26 14:00:10,159 [INFO] LEITURA sensor-01: 28.02% RTT=0.0ms
2026-05-26 14:00:10,669 [INFO] LEITURA sensor-01: 24.92°C RTT=0.0ms
2026-05-26 14:00:11,148 [INFO] LEITURA sensor-01: 76.11% RTT=0.0ms
2026-05-26 14:00:11,691 [INFO] LEITURA sensor-01: 17.68°C RTT=0.0ms
2026-05-26 14:00:12,155 [INFO] LEITURA sensor-01: 47.43% RTT=0.0ms
2026-05-26 14:00:12,699 [INFO] LEITURA sensor-01: 17.18°C RTT=0.0ms
2026-05-26 14:00:13,164 [INFO] LEITURA sensor-01: 104.04% RTT=0.0ms
2026-05-26 14:00:13,179 [WARNING] ALERTA: sensor-01=104.04% fora de [0.0,90.0]
2026-05-26 14:00:13,709 [INFO] LEITURA sensor-01: 17.66°C RTT=0.0ms
2026-05-26 14:00:14,173 [INFO] LEITURA sensor-01: 94.99% RTT=0.0ms
2026-05-26 14:00:14,173 [WARNING] ALERTA: sensor-01=94.99% fora de [0.0,90.0]
2026-05-26 14:00:14,715 [INFO] LEITURA sensor-01: 26.31°C RTT=0.0ms
2026-05-26 14:00:15,242 [INFO] LEITURA sensor-01: 22.93% RTT=0.0ms
2026-05-26 14:00:15,721 [INFO] LEITURA sensor-01: 11.97°C RTT=0.0ms
2026-05-26 14:00:16,233 [INFO] LEITURA sensor-01: 69.44% RTT=0.0ms
2026-05-26 14:00:16,712 [INFO] LEITURA sensor-01: 24.16°C RTT=0.0ms
2026-05-26 14:00:17,255 [INFO] LEITURA sensor-01: 99.09% RTT=0.0ms
2026-05-26 14:00:17,255 [WARNING] ALERTA: sensor-01=99.09% fora de [0.0,90.0]
2026-05-26 14:00:17,721 [INFO] LEITURA sensor-01: 21.09°C RTT=0.0ms
2026-05-26 14:00:18,246 [INFO] LEITURA sensor-01: 56.49% RTT=0.0ms
2026-05-26 14:00:19,288 [INFO] LEITURA sensor-01: 62.54% RTT=0.0ms
2026-05-26 14:01:44,304 [INFO] DESCONEXÃO voluntária: sensor-01
2026-05-26 14:01:44,318 [INFO] DESCONECTADO sensor-01
2026-05-26 14:01:53,964 [INFO] DESCONEXÃO voluntária: sensor-01
2026-05-26 14:01:53,975 [INFO] DESCONECTADO sensor-01
2026-05-26 14:51:49,807 [INFO] CONECTADO sensor-01 (temperatura) lab='lab-1' addr=('127.0.0.1', 52436)
2026-05-26 14:52:14,712 [INFO] LEITURA sensor-01: 21.76°C RTT=0.0ms
2026-05-26 14:52:15,754 [INFO] LEITURA sensor-01: 32.37°C RTT=0.0ms
2026-05-26 14:52:15,754 [WARNING] ALERTA: sensor-01=32.37°C fora de [10.0,30.0]
2026-05-26 14:52:16,759 [INFO] LEITURA sensor-01: 33.26°C RTT=0.0ms
2026-05-26 14:52:16,759 [WARNING] ALERTA: sensor-01=33.26°C fora de [10.0,30.0]
2026-05-26 14:52:17,767 [INFO] LEITURA sensor-01: 17.54°C RTT=0.0ms
2026-05-26 14:52:18,773 [INFO] LEITURA sensor-01: 21.71°C RTT=0.0ms
2026-05-26 14:52:19,780 [INFO] LEITURA sensor-01: 18.32°C RTT=0.0ms
2026-05-26 14:52:20,798 [INFO] LEITURA sensor-01: 23.74°C RTT=0.0ms
2026-05-26 14:52:21,802 [INFO] LEITURA sensor-01: 19.67°C RTT=0.0ms
2026-05-26 14:52:22,791 [INFO] LEITURA sensor-01: 17.87°C RTT=0.0ms
2026-05-26 14:52:23,797 [INFO] LEITURA sensor-01: 13.72°C RTT=0.0ms
2026-05-26 14:52:24,805 [INFO] LEITURA sensor-01: 38.61°C RTT=0.0ms
2026-05-26 14:52:24,805 [WARNING] ALERTA: sensor-01=38.61°C fora de [10.0,30.0]
2026-05-26 14:52:25,821 [INFO] LEITURA sensor-01: 19.93°C RTT=0.0ms
2026-05-26 14:52:26,829 [INFO] LEITURA sensor-01: 31.7°C RTT=0.0ms
2026-05-26 14:52:26,829 [WARNING] ALERTA: sensor-01=31.7°C fora de [10.0,30.0]
2026-05-26 14:52:27,832 [INFO] LEITURA sensor-01: 37.77°C RTT=0.0ms
2026-05-26 14:52:27,832 [WARNING] ALERTA: sensor-01=37.77°C fora de [10.0,30.0]
2026-05-26 14:52:28,871 [INFO] LEITURA sensor-01: 24.8°C RTT=0.0ms
2026-05-26 14:52:29,898 [INFO] LEITURA sensor-01: 10.65°C RTT=0.0ms
2026-05-26 14:52:30,906 [INFO] LEITURA sensor-01: 32.28°C RTT=0.0ms
2026-05-26 14:52:30,906 [WARNING] ALERTA: sensor-01=32.28°C fora de [10.0,30.0]
2026-05-26 14:52:31,896 [INFO] LEITURA sensor-01: 16.37°C RTT=0.0ms
2026-05-26 14:52:32,916 [INFO] LEITURA sensor-01: 11.18°C RTT=0.0ms
2026-05-26 14:52:33,927 [INFO] LEITURA sensor-01: 15.72°C RTT=0.0ms
2026-05-26 14:52:34,917 [INFO] LEITURA sensor-01: 12.26°C RTT=0.0ms
2026-05-26 14:52:35,922 [INFO] LEITURA sensor-01: 19.57°C RTT=0.0ms
2026-05-26 14:53:25,064 [INFO] DESCONEXÃO voluntária: sensor-01
2026-05-26 14:53:25,086 [INFO] DESCONECTADO sensor-01
2026-05-26 15:00:01,827 [INFO] Servidor TCP aguardando em 127.0.0.1:9000
2026-05-26 15:00:01,827 [INFO] Painel web: http://127.0.0.1:8080/painel
2026-05-26 15:00:01,843 [INFO] Painel HTTP em http://127.0.0.1:8080/painel
2026-05-26 15:02:11,969 [INFO] CONECTADO sensor-01 (temperatura) lab='lab-1' addr=('127.0.0.1', 50497)
2026-05-26 15:02:26,639 [INFO] LEITURA sensor-01: 25.0°C RTT=0.0ms
2026-05-26 15:02:37,491 [INFO] LEITURA sensor-01: 19.71°C RTT=0.0ms
2026-05-26 15:02:38,515 [INFO] LEITURA sensor-01: 27.96°C RTT=0.0ms
2026-05-26 15:02:39,519 [INFO] LEITURA sensor-01: 25.31°C RTT=0.0ms
2026-05-26 15:02:40,523 [INFO] LEITURA sensor-01: 37.13°C RTT=0.0ms
2026-05-26 15:02:40,533 [WARNING] ALERTA: sensor-01=37.13°C fora de [10.0,30.0]
2026-05-26 15:02:41,543 [INFO] LEITURA sensor-01: 12.32°C RTT=0.0ms
2026-05-26 15:02:42,534 [INFO] LEITURA sensor-01: 22.92°C RTT=0.0ms
2026-05-26 15:02:43,538 [INFO] LEITURA sensor-01: 33.21°C RTT=0.0ms
2026-05-26 15:02:43,538 [WARNING] ALERTA: sensor-01=33.21°C fora de [10.0,30.0]
2026-05-26 15:02:44,542 [INFO] LEITURA sensor-01: 18.65°C RTT=0.0ms
2026-05-26 15:02:45,566 [INFO] LEITURA sensor-01: 36.98°C RTT=0.0ms
2026-05-26 15:02:45,566 [WARNING] ALERTA: sensor-01=36.98°C fora de [10.0,30.0]
2026-05-26 15:02:49,148 [INFO] LEITURA sensor-01: 28.21°C RTT=0.0ms
2026-05-26 15:02:55,079 [INFO] LEITURA sensor-01: 37.3°C RTT=0.0ms
2026-05-26 15:02:55,079 [WARNING] ALERTA: sensor-01=37.3°C fora de [10.0,30.0]
2026-05-26 15:02:59,206 [INFO] LEITURA sensor-01: 27.53°C RTT=0.0ms
2026-05-26 15:03:04,214 [INFO] LEITURA sensor-01: 23.2°C RTT=0.0ms
2026-05-26 15:03:09,239 [INFO] LEITURA sensor-01: 37.11°C RTT=0.0ms
2026-05-26 15:03:09,239 [WARNING] ALERTA: sensor-01=37.11°C fora de [10.0,30.0]
2026-05-26 15:03:14,222 [INFO] LEITURA sensor-01: 24.61°C RTT=0.0ms
2026-05-26 15:03:16,637 [INFO] CONECTADO sensor-01 (cpu) lab='lab-1' addr=('127.0.0.1', 55494)
2026-05-26 15:03:19,230 [INFO] LEITURA sensor-01: 27.54°C RTT=0.0ms
2026-05-26 15:03:24,240 [INFO] LEITURA sensor-01: 36.4°C RTT=0.0ms
2026-05-26 15:03:24,240 [WARNING] ALERTA: sensor-01=36.4°C fora de [10.0,30.0]
2026-05-26 15:03:28,508 [INFO] LEITURA sensor-01: 60.0% RTT=0.0ms
2026-05-26 15:03:29,248 [INFO] LEITURA sensor-01: 37.17°C RTT=0.0ms
2026-05-26 15:03:29,259 [WARNING] ALERTA: sensor-01=37.17°C fora de [10.0,30.0]
2026-05-26 15:03:34,263 [INFO] LEITURA sensor-01: 12.65°C RTT=0.0ms
2026-05-26 15:03:39,264 [INFO] LEITURA sensor-01: 21.39°C RTT=0.0ms
2026-05-26 15:03:40,158 [INFO] LEITURA sensor-01: 99.95% RTT=0.0ms
2026-05-26 15:03:40,158 [WARNING] ALERTA: sensor-01=99.95% fora de [0.0,90.0]
2026-05-26 15:03:41,215 [INFO] LEITURA sensor-01: 51.59% RTT=0.0ms
2026-05-26 15:03:42,236 [INFO] LEITURA sensor-01: 96.68% RTT=0.0ms
2026-05-26 15:03:42,236 [WARNING] ALERTA: sensor-01=96.68% fora de [0.0,90.0]
2026-05-26 15:03:43,225 [INFO] LEITURA sensor-01: 6.26% RTT=0.0ms
2026-05-26 15:03:44,262 [INFO] LEITURA sensor-01: 31.13% RTT=0.0ms
2026-05-26 15:03:44,295 [INFO] LEITURA sensor-01: 37.3°C RTT=0.0ms
2026-05-26 15:03:44,295 [WARNING] ALERTA: sensor-01=37.3°C fora de [10.0,30.0]
2026-05-26 15:03:45,288 [INFO] LEITURA sensor-01: 40.52% RTT=0.0ms
2026-05-26 15:03:46,293 [INFO] LEITURA sensor-01: 96.19% RTT=0.0ms
2026-05-26 15:03:46,293 [WARNING] ALERTA: sensor-01=96.19% fora de [0.0,90.0]
2026-05-26 15:03:47,300 [INFO] LEITURA sensor-01: 78.96% RTT=0.0ms
2026-05-26 15:03:48,289 [INFO] LEITURA sensor-01: 46.44% RTT=0.0ms
2026-05-26 15:03:49,309 [INFO] LEITURA sensor-01: 28.28°C RTT=0.0ms
2026-05-26 15:03:49,340 [INFO] LEITURA sensor-01: 99.48% RTT=0.0ms
2026-05-26 15:03:49,340 [WARNING] ALERTA: sensor-01=99.48% fora de [0.0,90.0]
2026-05-26 15:03:53,308 [INFO] LEITURA sensor-01: 70.33% RTT=0.0ms
2026-05-26 15:03:54,296 [INFO] LEITURA sensor-01: 13.96°C RTT=0.0ms
2026-05-26 15:03:58,337 [INFO] LEITURA sensor-01: 62.06% RTT=0.0ms
2026-05-26 15:03:59,310 [INFO] LEITURA sensor-01: 24.97°C RTT=0.0ms
2026-05-26 15:04:03,342 [INFO] LEITURA sensor-01: 11.89% RTT=0.0ms
2026-05-26 15:04:04,325 [INFO] LEITURA sensor-01: 21.87°C RTT=0.0ms
2026-05-26 15:04:08,365 [INFO] LEITURA sensor-01: 53.15% RTT=0.0ms
2026-05-26 15:04:09,324 [INFO] LEITURA sensor-01: 31.93°C RTT=0.0ms
2026-05-26 15:04:09,324 [WARNING] ALERTA: sensor-01=31.93°C fora de [10.0,30.0]
2026-05-26 15:04:13,481 [INFO] LEITURA sensor-01: 13.23% RTT=0.0ms
2026-05-26 15:04:14,328 [INFO] LEITURA sensor-01: 16.86°C RTT=0.0ms
2026-05-26 15:04:18,358 [INFO] LEITURA sensor-01: 10.95% RTT=0.0ms
2026-05-26 15:04:19,356 [INFO] LEITURA sensor-01: 37.13°C RTT=0.0ms
2026-05-26 15:04:19,356 [WARNING] ALERTA: sensor-01=37.13°C fora de [10.0,30.0]
2026-05-26 15:04:23,373 [INFO] LEITURA sensor-01: 20.06% RTT=0.0ms
2026-05-26 15:04:24,345 [INFO] LEITURA sensor-01: 12.8°C RTT=0.0ms
2026-05-26 15:04:28,379 [INFO] LEITURA sensor-01: 69.31% RTT=0.0ms
2026-05-26 15:04:29,351 [INFO] LEITURA sensor-01: 32.92°C RTT=0.0ms
2026-05-26 15:04:29,351 [WARNING] ALERTA: sensor-01=32.92°C fora de [10.0,30.0]
2026-05-26 15:04:33,391 [INFO] LEITURA sensor-01: 107.67% RTT=0.0ms
2026-05-26 15:04:33,391 [WARNING] ALERTA: sensor-01=107.67% fora de [0.0,90.0]
2026-05-26 15:04:34,526 [INFO] LEITURA sensor-01: 33.83°C RTT=0.0ms
2026-05-26 15:04:34,526 [WARNING] ALERTA: sensor-01=33.83°C fora de [10.0,30.0]
2026-05-26 15:04:35,598 [INFO] LEITURA sensor-01: 24.53°C RTT=0.0ms
2026-05-26 15:04:36,587 [INFO] LEITURA sensor-01: 9.82°C RTT=0.0ms
2026-05-26 15:04:36,587 [WARNING] ALERTA: sensor-01=9.82°C fora de [10.0,30.0]
2026-05-26 15:04:37,610 [INFO] LEITURA sensor-01: 17.92°C RTT=0.0ms
2026-05-26 15:04:38,598 [INFO] LEITURA sensor-01: 9.95°C RTT=0.0ms
2026-05-26 15:04:38,598 [WARNING] ALERTA: sensor-01=9.95°C fora de [10.0,30.0]
2026-05-26 15:04:38,890 [INFO] LEITURA sensor-01: 84.23% RTT=0.0ms
2026-05-26 15:04:39,623 [INFO] LEITURA sensor-01: 25.56°C RTT=0.0ms
2026-05-26 15:04:39,925 [INFO] LEITURA sensor-01: 4.3% RTT=0.0ms
2026-05-26 15:04:40,931 [INFO] LEITURA sensor-01: 11.74% RTT=0.0ms
2026-05-26 15:04:41,872 [INFO] LEITURA sensor-01: 20.85°C RTT=0.0ms
2026-05-26 15:04:41,904 [INFO] LEITURA sensor-01: 23.09°C RTT=0.0ms
2026-05-26 15:04:41,936 [INFO] LEITURA sensor-01: 64.99% RTT=0.0ms
2026-05-26 15:04:42,622 [INFO] LEITURA sensor-01: 27.87°C RTT=0.0ms
2026-05-26 15:04:43,624 [INFO] LEITURA sensor-01: 20.0°C RTT=0.0ms
2026-05-26 15:04:44,628 [INFO] LEITURA sensor-01: 25.48°C RTT=0.0ms
2026-05-26 15:04:45,026 [INFO] LEITURA sensor-01: 66.85% RTT=0.0ms
2026-05-26 15:04:45,058 [INFO] LEITURA sensor-01: 112.2% RTT=0.0ms
2026-05-26 15:04:45,058 [WARNING] ALERTA: sensor-01=112.2% fora de [0.0,90.0]
2026-05-26 15:04:45,090 [INFO] LEITURA sensor-01: 39.56% RTT=0.0ms
2026-05-26 15:04:45,633 [INFO] LEITURA sensor-01: 22.83°C RTT=0.0ms
2026-05-26 15:04:45,983 [INFO] LEITURA sensor-01: 3.4% RTT=0.0ms
2026-05-26 15:04:46,638 [INFO] LEITURA sensor-01: 12.94°C RTT=0.0ms
2026-05-26 15:04:46,990 [INFO] LEITURA sensor-01: 57.68% RTT=0.0ms
2026-05-26 15:04:47,660 [INFO] LEITURA sensor-01: 32.07°C RTT=0.0ms
2026-05-26 15:04:47,660 [WARNING] ALERTA: sensor-01=32.07°C fora de [10.0,30.0]
2026-05-26 15:04:47,994 [INFO] LEITURA sensor-01: 68.45% RTT=0.0ms
2026-05-26 15:04:48,664 [INFO] LEITURA sensor-01: 10.99°C RTT=0.0ms
2026-05-26 15:04:48,998 [INFO] LEITURA sensor-01: 113.36% RTT=0.0ms
2026-05-26 15:04:48,998 [WARNING] ALERTA: sensor-01=113.36% fora de [0.0,90.0]
2026-05-26 15:04:49,702 [INFO] LEITURA sensor-01: 36.98°C RTT=0.0ms
2026-05-26 15:04:49,703 [WARNING] ALERTA: sensor-01=36.98°C fora de [10.0,30.0]
2026-05-26 15:04:50,006 [INFO] LEITURA sensor-01: 20.15% RTT=1.181ms
2026-05-26 15:04:50,694 [INFO] LEITURA sensor-01: 13.36°C RTT=0.0ms
2026-05-26 15:04:51,018 [INFO] LEITURA sensor-01: 67.9% RTT=0.0ms
2026-05-26 15:04:51,731 [INFO] LEITURA sensor-01: 12.93°C RTT=0.0ms
2026-05-26 15:04:52,019 [INFO] LEITURA sensor-01: 83.96% RTT=0.0ms
2026-05-26 15:04:52,750 [INFO] LEITURA sensor-01: 12.98°C RTT=0.0ms
2026-05-26 15:04:53,022 [INFO] LEITURA sensor-01: 38.04% RTT=0.0ms
2026-05-26 15:04:53,741 [INFO] LEITURA sensor-01: 17.49°C RTT=0.0ms
2026-05-26 15:04:54,029 [INFO] LEITURA sensor-01: 110.21% RTT=0.0ms
2026-05-26 15:04:54,029 [WARNING] ALERTA: sensor-01=110.21% fora de [0.0,90.0]
2026-05-26 15:04:54,747 [INFO] LEITURA sensor-01: 12.74°C RTT=0.0ms
2026-05-26 15:04:55,038 [INFO] LEITURA sensor-01: 70.11% RTT=0.0ms
2026-05-26 15:04:55,758 [INFO] LEITURA sensor-01: 28.38°C RTT=0.0ms
2026-05-26 15:04:56,051 [INFO] LEITURA sensor-01: 70.72% RTT=0.0ms
2026-05-26 15:04:56,757 [INFO] LEITURA sensor-01: 15.86°C RTT=0.0ms
2026-05-26 15:04:57,044 [INFO] LEITURA sensor-01: 23.33% RTT=0.0ms
2026-05-26 15:04:57,764 [INFO] LEITURA sensor-01: 25.57°C RTT=0.0ms
2026-05-26 15:04:58,054 [INFO] LEITURA sensor-01: 62.2% RTT=0.0ms
2026-05-26 15:04:58,771 [INFO] LEITURA sensor-01: 21.49°C RTT=0.0ms
2026-05-26 15:04:59,059 [INFO] LEITURA sensor-01: 3.99% RTT=0.0ms
2026-05-26 15:04:59,795 [INFO] LEITURA sensor-01: 18.98°C RTT=0.0ms
2026-05-26 15:05:00,067 [INFO] LEITURA sensor-01: 78.93% RTT=0.0ms
2026-05-26 15:05:00,788 [INFO] LEITURA sensor-01: 19.4°C RTT=0.0ms
2026-05-26 15:05:01,076 [INFO] LEITURA sensor-01: 55.28% RTT=0.0ms
2026-05-26 15:05:01,795 [INFO] LEITURA sensor-01: 22.5°C RTT=0.0ms
2026-05-26 15:05:02,085 [INFO] LEITURA sensor-01: 49.72% RTT=0.0ms
2026-05-26 15:05:02,804 [INFO] LEITURA sensor-01: 14.73°C RTT=0.0ms
2026-05-26 15:05:03,089 [INFO] LEITURA sensor-01: 95.6% RTT=0.0ms
2026-05-26 15:05:03,089 [WARNING] ALERTA: sensor-01=95.6% fora de [0.0,90.0]
2026-05-26 15:05:03,823 [INFO] LEITURA sensor-01: 12.98°C RTT=0.0ms
2026-05-26 15:05:04,095 [INFO] LEITURA sensor-01: 109.57% RTT=0.0ms
2026-05-26 15:05:04,095 [WARNING] ALERTA: sensor-01=109.57% fora de [0.0,90.0]
2026-05-26 15:05:04,813 [INFO] LEITURA sensor-01: 17.45°C RTT=0.0ms
2026-05-26 15:05:05,102 [INFO] LEITURA sensor-01: 36.92% RTT=0.0ms
2026-05-26 15:05:05,820 [INFO] LEITURA sensor-01: 26.99°C RTT=0.0ms
2026-05-26 15:05:06,113 [INFO] LEITURA sensor-01: 114.26% RTT=0.0ms
2026-05-26 15:05:06,113 [WARNING] ALERTA: sensor-01=114.26% fora de [0.0,90.0]
2026-05-26 15:05:06,827 [INFO] LEITURA sensor-01: 12.41°C RTT=0.0ms
2026-05-26 15:05:07,115 [INFO] LEITURA sensor-01: 8.41% RTT=0.0ms
2026-05-26 15:05:07,832 [INFO] LEITURA sensor-01: 28.37°C RTT=0.0ms
2026-05-26 15:05:08,121 [INFO] LEITURA sensor-01: 50.81% RTT=0.0ms
2026-05-26 15:05:08,840 [INFO] LEITURA sensor-01: 34.93°C RTT=0.0ms
2026-05-26 15:05:08,840 [WARNING] ALERTA: sensor-01=34.93°C fora de [10.0,30.0]
2026-05-26 15:05:09,129 [INFO] LEITURA sensor-01: 33.53% RTT=0.0ms
2026-05-26 15:05:09,844 [INFO] LEITURA sensor-01: 19.81°C RTT=0.0ms
2026-05-26 15:05:10,132 [INFO] LEITURA sensor-01: 46.0% RTT=0.0ms
2026-05-26 15:05:10,901 [INFO] LEITURA sensor-01: 15.65°C RTT=0.0ms
2026-05-26 15:05:11,145 [INFO] LEITURA sensor-01: 15.13% RTT=0.0ms
2026-05-26 15:05:11,871 [INFO] LEITURA sensor-01: 28.24°C RTT=0.0ms
2026-05-26 15:05:12,166 [INFO] LEITURA sensor-01: 15.88% RTT=0.0ms
2026-05-26 15:05:12,873 [INFO] LEITURA sensor-01: 36.35°C RTT=0.0ms
2026-05-26 15:05:12,873 [WARNING] ALERTA: sensor-01=36.35°C fora de [10.0,30.0]
2026-05-26 15:05:13,160 [INFO] LEITURA sensor-01: 42.82% RTT=0.0ms
2026-05-26 15:05:13,878 [INFO] LEITURA sensor-01: 36.9°C RTT=0.0ms
2026-05-26 15:05:13,878 [WARNING] ALERTA: sensor-01=36.9°C fora de [10.0,30.0]
2026-05-26 15:05:14,167 [INFO] LEITURA sensor-01: 51.75% RTT=0.0ms
2026-05-26 15:05:14,897 [INFO] LEITURA sensor-01: 15.43°C RTT=0.0ms
2026-05-26 15:05:15,179 [INFO] LEITURA sensor-01: 56.67% RTT=0.0ms
2026-05-26 15:05:15,888 [INFO] LEITURA sensor-01: 35.43°C RTT=0.0ms
2026-05-26 15:05:15,888 [WARNING] ALERTA: sensor-01=35.43°C fora de [10.0,30.0]
2026-05-26 15:05:16,181 [INFO] LEITURA sensor-01: 3.16% RTT=0.0ms
2026-05-26 15:05:16,899 [INFO] LEITURA sensor-01: 18.88°C RTT=0.0ms
2026-05-26 15:05:17,184 [INFO] LEITURA sensor-01: 21.92% RTT=0.0ms
2026-05-26 15:05:17,937 [INFO] LEITURA sensor-01: 35.73°C RTT=0.0ms
2026-05-26 15:05:17,937 [WARNING] ALERTA: sensor-01=35.73°C fora de [10.0,30.0]
2026-05-26 15:05:18,202 [INFO] LEITURA sensor-01: 113.37% RTT=0.0ms
2026-05-26 15:05:18,202 [WARNING] ALERTA: sensor-01=113.37% fora de [0.0,90.0]
2026-05-26 15:05:18,953 [INFO] LEITURA sensor-01: 17.8°C RTT=0.0ms
2026-05-26 15:05:19,193 [INFO] LEITURA sensor-01: 53.23% RTT=0.0ms
2026-05-26 15:05:20,024 [INFO] LEITURA sensor-01: 11.93°C RTT=0.0ms
2026-05-26 15:05:20,295 [INFO] LEITURA sensor-01: 100.57% RTT=0.0ms
2026-05-26 15:05:20,295 [WARNING] ALERTA: sensor-01=100.57% fora de [0.0,90.0]
2026-05-26 15:05:20,996 [INFO] LEITURA sensor-01: 18.42°C RTT=0.0ms
2026-05-26 15:05:21,252 [INFO] LEITURA sensor-01: 74.21% RTT=0.0ms
2026-05-26 15:05:22,373 [INFO] LEITURA sensor-01: 104.19% RTT=0.0ms
2026-05-26 15:05:22,373 [WARNING] ALERTA: sensor-01=104.19% fora de [0.0,90.0]
2026-05-26 15:05:22,469 [INFO] LEITURA sensor-01: 37.87°C RTT=0.0ms
2026-05-26 15:05:22,469 [WARNING] ALERTA: sensor-01=37.87°C fora de [10.0,30.0]
2026-05-26 15:05:23,034 [INFO] LEITURA sensor-01: 11.49°C RTT=0.0ms
2026-05-26 15:05:23,252 [INFO] LEITURA sensor-01: 11.22% RTT=0.0ms
2026-05-26 15:05:23,974 [INFO] LEITURA sensor-01: 9.6°C RTT=0.0ms
2026-05-26 15:05:23,974 [WARNING] ALERTA: sensor-01=9.6°C fora de [10.0,30.0]
2026-05-26 15:05:24,325 [INFO] LEITURA sensor-01: 20.59% RTT=0.0ms
2026-05-26 15:05:25,051 [INFO] LEITURA sensor-01: 21.65°C RTT=1.036ms
2026-05-26 15:05:25,339 [INFO] LEITURA sensor-01: 47.99% RTT=0.0ms
2026-05-26 15:05:26,066 [INFO] LEITURA sensor-01: 23.05°C RTT=0.0ms
2026-05-26 15:05:26,354 [INFO] LEITURA sensor-01: 68.04% RTT=0.0ms
2026-05-26 15:05:27,055 [INFO] LEITURA sensor-01: 22.19°C RTT=0.0ms
2026-05-26 15:05:27,359 [INFO] LEITURA sensor-01: 43.06% RTT=0.0ms
2026-05-26 15:05:28,014 [INFO] LEITURA sensor-01: 36.01°C RTT=0.0ms
2026-05-26 15:05:28,014 [WARNING] ALERTA: sensor-01=36.01°C fora de [10.0,30.0]
2026-05-26 15:05:28,285 [INFO] LEITURA sensor-01: 8.6% RTT=0.0ms
2026-05-26 15:05:29,295 [INFO] LEITURA sensor-01: 69.49% RTT=0.0ms
2026-05-26 15:05:30,306 [INFO] LEITURA sensor-01: 4.69% RTT=0.0ms
2026-05-26 15:05:32,742 [INFO] LEITURA sensor-01: 59.97% RTT=0.0ms
2026-05-26 15:05:32,758 [INFO] LEITURA sensor-01: 39.16% RTT=0.0ms
2026-05-26 15:05:33,320 [INFO] LEITURA sensor-01: 22.32% RTT=0.0ms
2026-05-26 15:05:34,317 [INFO] LEITURA sensor-01: 27.51% RTT=0.0ms
2026-05-26 15:05:35,323 [INFO] LEITURA sensor-01: 65.28% RTT=0.0ms
2026-05-26 15:05:36,326 [INFO] LEITURA sensor-01: 112.65% RTT=0.0ms
2026-05-26 15:05:36,326 [WARNING] ALERTA: sensor-01=112.65% fora de [0.0,90.0]
2026-05-26 15:05:37,333 [INFO] LEITURA sensor-01: 41.29% RTT=0.0ms
2026-05-26 15:05:38,334 [INFO] LEITURA sensor-01: 39.54% RTT=0.0ms
2026-05-26 15:05:39,338 [INFO] LEITURA sensor-01: 3.18% RTT=0.0ms
2026-05-26 15:05:40,233 [INFO] DESCONEXÃO voluntária: sensor-01
2026-05-26 15:05:40,243 [INFO] DESCONECTADO sensor-01
2026-05-26 15:05:51,204 [INFO] DESCONEXÃO voluntária: sensor-01
2026-05-26 15:05:51,219 [INFO] DESCONECTADO sensor-01
2026-05-26 15:18:13,126 [INFO] Servidor TCP aguardando em 127.0.0.1:9000
2026-05-26 15:18:13,126 [INFO] Painel web: http://127.0.0.1:8080/painel
2026-05-26 15:18:13,158 [INFO] Painel HTTP em http://127.0.0.1:8080/painel
2026-05-26 15:18:53,658 [INFO] CONECTADO sensor-01 (temperatura) lab='lab-1' addr=('127.0.0.1', 52977)
2026-05-26 15:19:06,935 [INFO] DESCONEXÃO voluntária: sensor-01
2026-05-26 15:19:06,951 [INFO] DESCONECTADO sensor-01
2026-05-26 15:21:06,977 [INFO] CONECTADO sensor-01 (cpu) lab='lab-1' addr=('127.0.0.1', 57939)
2026-05-26 15:22:44,266 [INFO] LEITURA sensor-01: 31.62% RTT=0.0ms
2026-05-26 15:22:49,323 [INFO] LEITURA sensor-01: 58.06% RTT=0.0ms
2026-05-26 15:22:54,332 [INFO] LEITURA sensor-01: 29.61% RTT=2.015ms
2026-05-26 15:22:59,382 [INFO] LEITURA sensor-01: 16.58% RTT=0.0ms
2026-05-26 15:23:04,458 [INFO] LEITURA sensor-01: 97.17% RTT=0.0ms
2026-05-26 15:23:04,458 [WARNING] ALERTA: sensor-01=97.17% fora de [0.0,90.0]
2026-05-26 15:23:09,410 [INFO] LEITURA sensor-01: 33.45% RTT=0.0ms
2026-05-26 15:23:14,492 [INFO] LEITURA sensor-01: 18.76% RTT=0.0ms
2026-05-26 15:23:19,420 [INFO] LEITURA sensor-01: 6.83% RTT=2.017ms
2026-05-26 15:23:24,424 [INFO] LEITURA sensor-01: 49.1% RTT=0.0ms
2026-05-26 15:23:29,411 [INFO] LEITURA sensor-01: 10.56% RTT=0.0ms
2026-05-26 15:23:34,540 [INFO] LEITURA sensor-01: 99.08% RTT=0.0ms
2026-05-26 15:23:34,540 [WARNING] ALERTA: sensor-01=99.08% fora de [0.0,90.0]
2026-05-26 15:23:39,526 [INFO] LEITURA sensor-01: 20.05% RTT=0.0ms
2026-05-26 15:23:44,531 [INFO] LEITURA sensor-01: 38.1% RTT=0.0ms
2026-05-26 15:23:49,544 [INFO] LEITURA sensor-01: 41.91% RTT=0.0ms
2026-05-26 15:23:51,484 [INFO] DESCONEXÃO voluntária: sensor-01
2026-05-26 15:23:51,511 [INFO] DESCONECTADO sensor-01
2026-05-26 15:28:16,285 [INFO] CONECTADO sensor-01 (temperatura) lab='lab-1' addr=('127.0.0.1', 55941)
2026-05-26 15:28:48,453 [INFO] DESCONEXÃO voluntária: sensor-01
2026-05-26 15:28:48,472 [INFO] DESCONECTADO sensor-01
2026-05-26 15:29:30,148 [INFO] Servidor TCP aguardando em 127.0.0.1:9000
2026-05-26 15:29:30,148 [INFO] Painel web: http://127.0.0.1:8080/painel
2026-05-26 15:29:30,195 [INFO] Painel HTTP em http://127.0.0.1:8080/painel
2026-05-26 15:29:49,406 [INFO] CONECTADO sensor-01 (temperatura) lab='lab-1' addr=('127.0.0.1', 60697)
2026-05-26 15:29:52,895 [INFO] LEITURA sensor-01: 15.21°C RTT=2.867ms
2026-05-26 15:29:57,945 [INFO] LEITURA sensor-01: 38.69°C RTT=2.012ms
2026-05-26 15:29:57,945 [WARNING] ALERTA: sensor-01=38.69°C fora de [10.0,30.0]
2026-05-26 15:30:02,943 [INFO] LEITURA sensor-01: 27.13°C RTT=0.0ms
2026-05-26 15:30:07,958 [INFO] LEITURA sensor-01: 13.05°C RTT=0.0ms
2026-05-26 15:30:13,023 [INFO] LEITURA sensor-01: 11.35°C RTT=0.0ms
2026-05-26 15:30:17,968 [INFO] LEITURA sensor-01: 32.52°C RTT=0.0ms
2026-05-26 15:30:17,977 [WARNING] ALERTA: sensor-01=32.52°C fora de [10.0,30.0]
2026-05-26 15:30:22,977 [INFO] LEITURA sensor-01: 26.0°C RTT=0.0ms
2026-05-26 15:30:23,903 [INFO] DESCONEXÃO voluntária: sensor-01
2026-05-26 15:30:23,919 [INFO] DESCONECTADO sensor-01
2026-05-26 15:37:06,203 [INFO] Servidor TCP aguardando em 127.0.0.1:9000
2026-05-26 15:37:06,203 [INFO] Painel web: http://127.0.0.1:8080/painel
2026-05-26 15:37:06,346 [INFO] Painel HTTP em http://127.0.0.1:8080/painel
2026-05-26 15:37:43,501 [INFO] CONECTADO sensor-01 (temperatura) lab='lab-1' addr=('127.0.0.1', 57544)
2026-05-26 15:39:07,028 [INFO] DESCONEXÃO voluntária: sensor-01
2026-05-26 15:39:07,064 [INFO] DESCONECTADO sensor-01
2026-05-26 15:41:14,057 [INFO] Servidor TCP aguardando em 127.0.0.1:9000
2026-05-26 15:41:14,057 [INFO] Painel web: http://127.0.0.1:8080/painel
2026-05-26 15:41:14,080 [INFO] Painel HTTP em http://127.0.0.1:8080/painel
2026-05-26 15:41:21,200 [INFO] HTTP 127.0.0.1 "GET /painel HTTP/1.1" 200 -
2026-05-26 15:41:21,479 [INFO] HTTP 127.0.0.1 "GET /favicon.ico HTTP/1.1" 404 -
2026-05-26 15:41:26,470 [INFO] HTTP 127.0.0.1 "GET /painel HTTP/1.1" 200 -
2026-05-26 15:41:31,537 [INFO] HTTP 127.0.0.1 "GET /painel HTTP/1.1" 200 -
2026-05-26 15:41:36,643 [INFO] HTTP 127.0.0.1 "GET /painel HTTP/1.1" 200 -
2026-05-26 15:41:41,797 [INFO] HTTP 127.0.0.1 "GET /painel HTTP/1.1" 200 -
2026-05-26 15:41:46,905 [INFO] HTTP 127.0.0.1 "GET /painel HTTP/1.1" 200 -
2026-05-26 15:41:52,071 [INFO] HTTP 127.0.0.1 "GET /painel HTTP/1.1" 200 -
2026-05-26 15:41:57,184 [INFO] HTTP 127.0.0.1 "GET /painel HTTP/1.1" 200 -
2026-05-26 15:42:02,330 [INFO] HTTP 127.0.0.1 "GET /painel HTTP/1.1" 200 -
2026-05-26 15:42:07,436 [INFO] HTTP 127.0.0.1 "GET /painel HTTP/1.1" 200 -
2026-05-26 15:42:12,534 [INFO] HTTP 127.0.0.1 "GET /painel HTTP/1.1" 200 -
2026-05-26 15:42:17,641 [INFO] HTTP 127.0.0.1 "GET /painel HTTP/1.1" 200 -
2026-05-26 15:42:22,750 [INFO] HTTP 127.0.0.1 "GET /painel HTTP/1.1" 200 -
2026-05-26 15:42:27,849 [INFO] HTTP 127.0.0.1 "GET /painel HTTP/1.1" 200 -
2026-05-26 15:42:32,951 [INFO] HTTP 127.0.0.1 "GET /painel HTTP/1.1" 200 -
2026-05-26 15:42:38,052 [INFO] HTTP 127.0.0.1 "GET /painel HTTP/1.1" 200 -
2026-05-26 15:42:43,161 [INFO] HTTP 127.0.0.1 "GET /painel HTTP/1.1" 200 -
2026-05-26 15:42:48,264 [INFO] HTTP 127.0.0.1 "GET /painel HTTP/1.1" 200 -
2026-05-26 15:42:53,368 [INFO] HTTP 127.0.0.1 "GET /painel HTTP/1.1" 200 -
2026-05-26 15:42:58,472 [INFO] HTTP 127.0.0.1 "GET /painel HTTP/1.1" 200 -
2026-05-26 15:43:03,592 [INFO] HTTP 127.0.0.1 "GET /painel HTTP/1.1" 200 -
2026-05-26 15:43:08,702 [INFO] HTTP 127.0.0.1 "GET /painel HTTP/1.1" 200 -
2026-05-26 15:43:13,797 [INFO] HTTP 127.0.0.1 "GET /painel HTTP/1.1" 200 -
2026-05-26 15:43:18,864 [INFO] HTTP 127.0.0.1 "GET /painel HTTP/1.1" 200 -
2026-05-26 15:43:24,001 [INFO] HTTP 127.0.0.1 "GET /painel HTTP/1.1" 200 -
2026-05-26 15:43:29,124 [INFO] HTTP 127.0.0.1 "GET /painel HTTP/1.1" 200 -
2026-05-26 15:43:34,193 [INFO] HTTP 127.0.0.1 "GET /painel HTTP/1.1" 200 -
2026-05-26 15:43:39,276 [INFO] HTTP 127.0.0.1 "GET /painel HTTP/1.1" 200 -
2026-05-26 15:51:12,647 [INFO] Servidor TCP aguardando em 127.0.0.1:9000
2026-05-26 15:51:12,647 [INFO] Painel web: http://127.0.0.1:8080/painel
2026-05-26 15:51:12,669 [INFO] Painel HTTP em http://127.0.0.1:8080/painel
2026-05-26 15:51:49,789 [INFO] HTTP 127.0.0.1 "GET /painel HTTP/1.1" 200 -
2026-05-26 15:51:55,294 [INFO] HTTP 127.0.0.1 "GET /painel HTTP/1.1" 200 -
2026-05-26 15:52:00,389 [INFO] HTTP 127.0.0.1 "GET /painel HTTP/1.1" 200 -
2026-05-26 15:52:05,482 [INFO] HTTP 127.0.0.1 "GET /painel HTTP/1.1" 200 -
2026-05-26 15:52:10,565 [INFO] HTTP 127.0.0.1 "GET /painel HTTP/1.1" 200 -
2026-05-26 15:52:15,664 [INFO] HTTP 127.0.0.1 "GET /painel HTTP/1.1" 200 -
2026-05-26 15:52:20,771 [INFO] HTTP 127.0.0.1 "GET /painel HTTP/1.1" 200 -
2026-05-26 15:52:25,863 [INFO] HTTP 127.0.0.1 "GET /painel HTTP/1.1" 200 -
2026-05-26 15:52:31,069 [INFO] HTTP 127.0.0.1 "GET /painel HTTP/1.1" 200 -
2026-05-26 15:52:36,218 [INFO] HTTP 127.0.0.1 "GET /painel HTTP/1.1" 200 -
2026-05-26 15:52:41,331 [INFO] HTTP 127.0.0.1 "GET /painel HTTP/1.1" 200 -
2026-05-26 15:52:44,733 [INFO] HTTP 127.0.0.1 "GET /painel HTTP/1.1" 200 -
2026-05-26 15:52:49,879 [INFO] HTTP 127.0.0.1 "GET /painel HTTP/1.1" 200 -
2026-05-26 15:52:54,981 [INFO] HTTP 127.0.0.1 "GET /painel HTTP/1.1" 200 -
2026-05-26 15:52:57,277 [INFO] HTTP 127.0.0.1 "GET /painel HTTP/1.1" 200 -
2026-05-26 15:53:02,357 [INFO] HTTP 127.0.0.1 "GET /painel HTTP/1.1" 200 -
2026-05-26 15:53:07,510 [INFO] HTTP 127.0.0.1 "GET /painel HTTP/1.1" 200 -
2026-05-26 15:53:12,728 [INFO] HTTP 127.0.0.1 "GET /painel HTTP/1.1" 200 -
2026-05-26 15:53:17,825 [INFO] HTTP 127.0.0.1 "GET /painel HTTP/1.1" 200 -
2026-05-26 15:53:22,911 [INFO] HTTP 127.0.0.1 "GET /painel HTTP/1.1" 200 -
2026-05-26 15:53:27,988 [INFO] HTTP 127.0.0.1 "GET /painel HTTP/1.1" 200 -
2026-05-26 15:53:34,748 [INFO] HTTP 127.0.0.1 "GET /painel HTTP/1.1" 200 -
2026-05-26 15:53:39,846 [INFO] HTTP 127.0.0.1 "GET /painel HTTP/1.1" 200 -
2026-05-26 15:53:44,926 [INFO] HTTP 127.0.0.1 "GET /painel HTTP/1.1" 200 -
2026-05-26 15:53:50,039 [INFO] HTTP 127.0.0.1 "GET /painel HTTP/1.1" 200 -
2026-05-26 15:53:55,210 [INFO] HTTP 127.0.0.1 "GET /painel HTTP/1.1" 200 -
2026-05-26 15:54:48,237 [INFO] Servidor TCP aguardando em 127.0.0.1:9000
2026-05-26 15:54:48,237 [INFO] Painel web: http://127.0.0.1:8080/painel
2026-05-26 15:54:48,253 [INFO] Painel HTTP em http://127.0.0.1:8080/painel
2026-05-26 15:55:01,791 [INFO] HTTP 127.0.0.1 "GET /painel HTTP/1.1" 200 -
2026-05-26 15:55:07,067 [INFO] HTTP 127.0.0.1 "GET /painel HTTP/1.1" 200 -
2026-05-26 15:55:12,171 [INFO] HTTP 127.0.0.1 "GET /painel HTTP/1.1" 200 -
2026-05-26 15:55:17,246 [INFO] HTTP 127.0.0.1 "GET /painel HTTP/1.1" 200 -
2026-05-26 15:55:22,328 [INFO] HTTP 127.0.0.1 "GET /painel HTTP/1.1" 200 -
2026-05-26 15:55:27,421 [INFO] HTTP 127.0.0.1 "GET /painel HTTP/1.1" 200 -
2026-05-26 15:55:32,489 [INFO] HTTP 127.0.0.1 "GET /painel HTTP/1.1" 200 -
2026-05-26 15:55:37,790 [INFO] HTTP 127.0.0.1 "GET /painel HTTP/1.1" 200 -
2026-05-26 15:55:43,119 [INFO] HTTP 127.0.0.1 "GET /painel HTTP/1.1" 200 -
2026-05-26 15:55:48,290 [INFO] HTTP 127.0.0.1 "GET /painel HTTP/1.1" 200 -
2026-05-26 15:55:53,392 [INFO] HTTP 127.0.0.1 "GET /painel HTTP/1.1" 200 -
2026-05-26 15:55:58,516 [INFO] HTTP 127.0.0.1 "GET /painel HTTP/1.1" 200 -
2026-05-26 15:56:03,620 [INFO] HTTP 127.0.0.1 "GET /painel HTTP/1.1" 200 -
2026-05-26 15:56:08,721 [INFO] HTTP 127.0.0.1 "GET /painel HTTP/1.1" 200 -
2026-05-26 15:56:13,847 [INFO] HTTP 127.0.0.1 "GET /painel HTTP/1.1" 200 -
2026-05-26 15:56:18,951 [INFO] HTTP 127.0.0.1 "GET /painel HTTP/1.1" 200 -
2026-05-26 15:56:24,064 [INFO] HTTP 127.0.0.1 "GET /painel HTTP/1.1" 200 -
2026-05-26 15:56:29,172 [INFO] HTTP 127.0.0.1 "GET /painel HTTP/1.1" 200 -
2026-05-26 15:56:34,284 [INFO] HTTP 127.0.0.1 "GET /painel HTTP/1.1" 200 -
2026-05-26 15:56:39,380 [INFO] HTTP 127.0.0.1 "GET /painel HTTP/1.1" 200 -
2026-05-26 15:56:44,473 [INFO] HTTP 127.0.0.1 "GET /painel HTTP/1.1" 200 -
2026-05-26 15:56:49,580 [INFO] HTTP 127.0.0.1 "GET /painel HTTP/1.1" 200 -
2026-05-26 15:56:54,683 [INFO] HTTP 127.0.0.1 "GET /painel HTTP/1.1" 200 -
2026-05-26 15:56:59,798 [INFO] HTTP 127.0.0.1 "GET /painel HTTP/1.1" 200 -
2026-05-26 15:57:04,916 [INFO] HTTP 127.0.0.1 "GET /painel HTTP/1.1" 200 -
2026-05-26 15:57:10,035 [INFO] HTTP 127.0.0.1 "GET /painel HTTP/1.1" 200 -
2026-05-26 15:57:15,157 [INFO] HTTP 127.0.0.1 "GET /painel HTTP/1.1" 200 -
2026-05-26 15:57:20,268 [INFO] HTTP 127.0.0.1 "GET /painel HTTP/1.1" 200 -
2026-05-26 15:57:25,377 [INFO] HTTP 127.0.0.1 "GET /painel HTTP/1.1" 200 -
2026-05-26 15:57:30,469 [INFO] HTTP 127.0.0.1 "GET /painel HTTP/1.1" 200 -
2026-05-26 15:57:35,579 [INFO] HTTP 127.0.0.1 "GET /painel HTTP/1.1" 200 -
2026-05-26 15:57:40,680 [INFO] HTTP 127.0.0.1 "GET /painel HTTP/1.1" 200 -
2026-05-26 15:57:45,870 [INFO] HTTP 127.0.0.1 "GET /painel HTTP/1.1" 200 -
2026-05-26 15:57:50,969 [INFO] HTTP 127.0.0.1 "GET /painel HTTP/1.1" 200 -
2026-05-26 15:57:56,092 [INFO] HTTP 127.0.0.1 "GET /painel HTTP/1.1" 200 -
2026-05-26 15:58:01,192 [INFO] HTTP 127.0.0.1 "GET /painel HTTP/1.1" 200 -
2026-05-26 15:58:06,303 [INFO] HTTP 127.0.0.1 "GET /painel HTTP/1.1" 200 -
2026-05-26 15:58:11,413 [INFO] HTTP 127.0.0.1 "GET /painel HTTP/1.1" 200 -
2026-05-26 15:58:16,518 [INFO] HTTP 127.0.0.1 "GET /painel HTTP/1.1" 200 -
2026-05-26 15:58:21,631 [INFO] HTTP 127.0.0.1 "GET /painel HTTP/1.1" 200 -
2026-05-26 15:58:26,721 [INFO] HTTP 127.0.0.1 "GET /painel HTTP/1.1" 200 -
2026-05-26 15:58:31,833 [INFO] HTTP 127.0.0.1 "GET /painel HTTP/1.1" 200 -
2026-05-26 15:58:36,953 [INFO] HTTP 127.0.0.1 "GET /painel HTTP/1.1" 200 -
2026-05-26 15:58:42,068 [INFO] HTTP 127.0.0.1 "GET /painel HTTP/1.1" 200 -
2026-05-26 15:58:47,181 [INFO] HTTP 127.0.0.1 "GET /painel HTTP/1.1" 200 -
2026-05-26 15:58:52,296 [INFO] HTTP 127.0.0.1 "GET /painel HTTP/1.1" 200 -
2026-05-26 15:58:57,410 [INFO] HTTP 127.0.0.1 "GET /painel HTTP/1.1" 200 -
2026-05-26 15:59:02,534 [INFO] HTTP 127.0.0.1 "GET /painel HTTP/1.1" 200 -
2026-05-26 15:59:07,638 [INFO] HTTP 127.0.0.1 "GET /painel HTTP/1.1" 200 -
2026-05-26 15:59:12,751 [INFO] HTTP 127.0.0.1 "GET /painel HTTP/1.1" 200 -
2026-05-26 15:59:17,935 [INFO] HTTP 127.0.0.1 "GET /painel HTTP/1.1" 200 -
2026-05-26 15:59:23,050 [INFO] HTTP 127.0.0.1 "GET /painel HTTP/1.1" 200 -
2026-05-26 15:59:28,159 [INFO] HTTP 127.0.0.1 "GET /painel HTTP/1.1" 200 -
2026-05-26 15:59:33,349 [INFO] HTTP 127.0.0.1 "GET /painel HTTP/1.1" 200 -
2026-05-26 15:59:38,465 [INFO] HTTP 127.0.0.1 "GET /painel HTTP/1.1" 200 -
2026-05-26 15:59:43,570 [INFO] HTTP 127.0.0.1 "GET /painel HTTP/1.1" 200 -
2026-05-26 15:59:48,673 [INFO] HTTP 127.0.0.1 "GET /painel HTTP/1.1" 200 -
2026-05-26 15:59:53,797 [INFO] HTTP 127.0.0.1 "GET /painel HTTP/1.1" 200 -
2026-05-26 15:59:58,914 [INFO] HTTP 127.0.0.1 "GET /painel HTTP/1.1" 200 -
2026-05-26 16:00:04,038 [INFO] HTTP 127.0.0.1 "GET /painel HTTP/1.1" 200 -
2026-05-26 16:00:09,149 [INFO] HTTP 127.0.0.1 "GET /painel HTTP/1.1" 200 -
2026-05-26 16:00:14,274 [INFO] HTTP 127.0.0.1 "GET /painel HTTP/1.1" 200 -
2026-05-26 16:00:19,440 [INFO] HTTP 127.0.0.1 "GET /painel HTTP/1.1" 200 -
2026-05-26 16:00:24,574 [INFO] HTTP 127.0.0.1 "GET /painel HTTP/1.1" 200 -
2026-05-26 16:00:29,662 [INFO] HTTP 127.0.0.1 "GET /painel HTTP/1.1" 200 -
2026-05-26 16:00:34,779 [INFO] HTTP 127.0.0.1 "GET /painel HTTP/1.1" 200 -
2026-05-26 16:00:39,889 [INFO] HTTP 127.0.0.1 "GET /painel HTTP/1.1" 200 -
2026-05-26 16:00:45,015 [INFO] HTTP 127.0.0.1 "GET /painel HTTP/1.1" 200 -
2026-05-26 16:00:50,165 [INFO] HTTP 127.0.0.1 "GET /painel HTTP/1.1" 200 -
2026-05-26 16:00:55,273 [INFO] HTTP 127.0.0.1 "GET /painel HTTP/1.1" 200 -
2026-05-26 16:01:00,413 [INFO] HTTP 127.0.0.1 "GET /painel HTTP/1.1" 200 -
2026-05-26 16:01:05,527 [INFO] HTTP 127.0.0.1 "GET /painel HTTP/1.1" 200 -
2026-05-26 16:01:10,646 [INFO] HTTP 127.0.0.1 "GET /painel HTTP/1.1" 200 -
2026-05-26 16:01:15,748 [INFO] HTTP 127.0.0.1 "GET /painel HTTP/1.1" 200 -
2026-05-26 16:01:20,876 [INFO] HTTP 127.0.0.1 "GET /painel HTTP/1.1" 200 -
2026-05-26 16:01:25,980 [INFO] HTTP 127.0.0.1 "GET /painel HTTP/1.1" 200 -
2026-05-26 16:01:31,079 [INFO] HTTP 127.0.0.1 "GET /painel HTTP/1.1" 200 -
2026-05-26 16:01:36,178 [INFO] HTTP 127.0.0.1 "GET /painel HTTP/1.1" 200 -
2026-05-26 16:01:41,294 [INFO] HTTP 127.0.0.1 "GET /painel HTTP/1.1" 200 -
2026-05-26 16:01:46,403 [INFO] HTTP 127.0.0.1 "GET /painel HTTP/1.1" 200 -
2026-05-26 16:01:51,526 [INFO] HTTP 127.0.0.1 "GET /painel HTTP/1.1" 200 -
2026-05-26 16:01:56,625 [INFO] HTTP 127.0.0.1 "GET /painel HTTP/1.1" 200 -
2026-05-26 16:02:01,731 [INFO] HTTP 127.0.0.1 "GET /painel HTTP/1.1" 200 -
2026-05-26 16:02:06,852 [INFO] HTTP 127.0.0.1 "GET /painel HTTP/1.1" 200 -
2026-05-26 16:02:12,042 [INFO] HTTP 127.0.0.1 "GET /painel HTTP/1.1" 200 -
2026-05-26 16:02:17,209 [INFO] HTTP 127.0.0.1 "GET /painel HTTP/1.1" 200 -
2026-05-26 16:02:22,359 [INFO] HTTP 127.0.0.1 "GET /painel HTTP/1.1" 200 -
2026-05-26 16:02:27,463 [INFO] HTTP 127.0.0.1 "GET /painel HTTP/1.1" 200 -
2026-05-26 16:02:32,558 [INFO] HTTP 127.0.0.1 "GET /painel HTTP/1.1" 200 -
2026-05-26 16:02:37,675 [INFO] HTTP 127.0.0.1 "GET /painel HTTP/1.1" 200 -
2026-05-26 16:02:42,842 [INFO] HTTP 127.0.0.1 "GET /painel HTTP/1.1" 200 -
2026-05-26 16:02:47,946 [INFO] HTTP 127.0.0.1 "GET /painel HTTP/1.1" 200 -
2026-05-26 16:02:53,047 [INFO] HTTP 127.0.0.1 "GET /painel HTTP/1.1" 200 -
2026-05-26 16:02:58,157 [INFO] HTTP 127.0.0.1 "GET /painel HTTP/1.1" 200 -
2026-05-26 16:03:03,289 [INFO] HTTP 127.0.0.1 "GET /painel HTTP/1.1" 200 -
2026-05-26 16:03:08,408 [INFO] HTTP 127.0.0.1 "GET /painel HTTP/1.1" 200 -
2026-05-26 16:03:13,519 [INFO] HTTP 127.0.0.1 "GET /painel HTTP/1.1" 200 -
2026-05-26 16:03:18,620 [INFO] HTTP 127.0.0.1 "GET /painel HTTP/1.1" 200 -
2026-05-26 16:03:23,722 [INFO] HTTP 127.0.0.1 "GET /painel HTTP/1.1" 200 -
2026-05-26 16:03:28,875 [INFO] HTTP 127.0.0.1 "GET /painel HTTP/1.1" 200 -
2026-05-26 16:03:33,971 [INFO] HTTP 127.0.0.1 "GET /painel HTTP/1.1" 200 -
2026-05-26 16:03:39,091 [INFO] HTTP 127.0.0.1 "GET /painel HTTP/1.1" 200 -
2026-05-26 16:03:44,207 [INFO] HTTP 127.0.0.1 "GET /painel HTTP/1.1" 200 -
2026-05-26 16:03:49,320 [INFO] HTTP 127.0.0.1 "GET /painel HTTP/1.1" 200 -
2026-05-26 16:03:54,434 [INFO] HTTP 127.0.0.1 "GET /painel HTTP/1.1" 200 -
2026-05-26 16:03:59,536 [INFO] HTTP 127.0.0.1 "GET /painel HTTP/1.1" 200 -
2026-05-26 16:04:04,719 [INFO] HTTP 127.0.0.1 "GET /painel HTTP/1.1" 200 -
2026-05-26 16:04:09,971 [INFO] HTTP 127.0.0.1 "GET /painel HTTP/1.1" 200 -
2026-05-26 16:04:15,152 [INFO] HTTP 127.0.0.1 "GET /painel HTTP/1.1" 200 -
2026-05-26 16:04:20,264 [INFO] HTTP 127.0.0.1 "GET /painel HTTP/1.1" 200 -
2026-05-26 16:04:25,368 [INFO] HTTP 127.0.0.1 "GET /painel HTTP/1.1" 200 -
2026-05-26 16:04:30,555 [INFO] HTTP 127.0.0.1 "GET /painel HTTP/1.1" 200 -
2026-05-26 16:04:35,672 [INFO] HTTP 127.0.0.1 "GET /painel HTTP/1.1" 200 -
2026-05-26 16:04:40,801 [INFO] HTTP 127.0.0.1 "GET /painel HTTP/1.1" 200 -
2026-05-26 16:04:45,980 [INFO] HTTP 127.0.0.1 "GET /painel HTTP/1.1" 200 -
2026-05-26 16:04:51,101 [INFO] HTTP 127.0.0.1 "GET /painel HTTP/1.1" 200 -
2026-05-26 16:04:56,215 [INFO] HTTP 127.0.0.1 "GET /painel HTTP/1.1" 200 -
2026-05-26 16:05:01,323 [INFO] HTTP 127.0.0.1 "GET /painel HTTP/1.1" 200 -
2026-05-26 16:05:06,497 [INFO] HTTP 127.0.0.1 "GET /painel HTTP/1.1" 200 -
2026-05-26 16:05:11,615 [INFO] HTTP 127.0.0.1 "GET /painel HTTP/1.1" 200 -
2026-05-26 16:05:16,711 [INFO] HTTP 127.0.0.1 "GET /painel HTTP/1.1" 200 -
2026-05-26 16:05:21,831 [INFO] HTTP 127.0.0.1 "GET /painel HTTP/1.1" 200 -
2026-05-26 16:05:26,937 [INFO] HTTP 127.0.0.1 "GET /painel HTTP/1.1" 200 -
2026-05-26 16:05:32,062 [INFO] HTTP 127.0.0.1 "GET /painel HTTP/1.1" 200 -
2026-05-26 16:05:37,167 [INFO] HTTP 127.0.0.1 "GET /painel HTTP/1.1" 200 -
2026-05-26 16:05:42,267 [INFO] HTTP 127.0.0.1 "GET /painel HTTP/1.1" 200 -
2026-05-26 16:05:47,473 [INFO] HTTP 127.0.0.1 "GET /painel HTTP/1.1" 200 -
2026-05-26 16:05:52,593 [INFO] HTTP 127.0.0.1 "GET /painel HTTP/1.1" 200 -
2026-05-26 16:05:57,780 [INFO] HTTP 127.0.0.1 "GET /painel HTTP/1.1" 200 -
2026-05-26 16:06:02,897 [INFO] HTTP 127.0.0.1 "GET /painel HTTP/1.1" 200 -
2026-05-26 16:06:08,006 [INFO] HTTP 127.0.0.1 "GET /painel HTTP/1.1" 200 -
2026-05-26 16:06:13,168 [INFO] HTTP 127.0.0.1 "GET /painel HTTP/1.1" 200 -
2026-05-26 16:06:18,269 [INFO] HTTP 127.0.0.1 "GET /painel HTTP/1.1" 200 -
2026-05-26 16:06:23,402 [INFO] HTTP 127.0.0.1 "GET /painel HTTP/1.1" 200 -
2026-05-26 16:06:28,511 [INFO] HTTP 127.0.0.1 "GET /painel HTTP/1.1" 200 -
2026-05-26 16:06:33,626 [INFO] HTTP 127.0.0.1 "GET /painel HTTP/1.1" 200 -
2026-05-26 16:06:38,809 [INFO] HTTP 127.0.0.1 "GET /painel HTTP/1.1" 200 -
2026-05-26 16:07:21,512 [INFO] Servidor TCP aguardando em 127.0.0.1:9000
2026-05-26 16:07:21,513 [INFO] Painel web: http://127.0.0.1:8080/painel
2026-05-26 16:07:21,537 [INFO] Painel HTTP em http://127.0.0.1:8080/painel
2026-05-26 16:07:26,394 [INFO] HTTP 127.0.0.1 "GET /painel HTTP/1.1" 200 -
2026-05-26 16:07:31,836 [INFO] HTTP 127.0.0.1 "GET /painel HTTP/1.1" 200 -
2026-05-26 16:07:36,990 [INFO] HTTP 127.0.0.1 "GET /painel HTTP/1.1" 200 -
2026-05-26 16:07:42,107 [INFO] HTTP 127.0.0.1 "GET /painel HTTP/1.1" 200 -
2026-05-26 16:07:47,229 [INFO] HTTP 127.0.0.1 "GET /painel HTTP/1.1" 200 -
2026-05-26 16:07:47,557 [INFO] CONECTADO sensor-01 (temperatura) lab='lab-1' addr=('127.0.0.1', 59220)
2026-05-26 16:07:52,348 [INFO] HTTP 127.0.0.1 "GET /painel HTTP/1.1" 200 -
2026-05-26 16:08:43,557 [INFO] HTTP 127.0.0.1 "GET /painel HTTP/1.1" 200 -
2026-05-26 16:08:48,859 [INFO] HTTP 127.0.0.1 "GET /painel HTTP/1.1" 200 -
2026-05-26 16:08:51,751 [INFO] LEITURA sensor-01: 18.46°C RTT=0.0ms
2026-05-26 16:08:52,808 [INFO] LEITURA sensor-01: 18.73°C RTT=0.0ms
2026-05-26 16:08:53,805 [INFO] LEITURA sensor-01: 19.16°C RTT=0.0ms
2026-05-26 16:08:53,985 [INFO] HTTP 127.0.0.1 "GET /painel HTTP/1.1" 200 -
2026-05-26 16:08:54,855 [INFO] LEITURA sensor-01: 15.95°C RTT=0.0ms
2026-05-26 16:08:55,895 [INFO] LEITURA sensor-01: 24.27°C RTT=0.0ms
2026-05-26 16:08:56,825 [INFO] LEITURA sensor-01: 37.44°C RTT=0.0ms
2026-05-26 16:08:56,825 [WARNING] ALERTA: sensor-01=37.44°C fora de [10.0,30.0]
2026-05-26 16:08:59,098 [INFO] HTTP 127.0.0.1 "GET /painel HTTP/1.1" 200 -
2026-05-26 16:09:04,206 [INFO] HTTP 127.0.0.1 "GET /painel HTTP/1.1" 200 -
2026-05-26 16:09:04,587 [INFO] LEITURA sensor-01: 25.38°C RTT=0.0ms
2026-05-26 16:09:04,634 [INFO] LEITURA sensor-01: 14.59°C RTT=0.0ms
2026-05-26 16:09:04,683 [INFO] LEITURA sensor-01: 9.34°C RTT=0.0ms
2026-05-26 16:09:04,683 [WARNING] ALERTA: sensor-01=9.34°C fora de [10.0,30.0]
2026-05-26 16:09:04,745 [INFO] LEITURA sensor-01: 32.56°C RTT=0.0ms
2026-05-26 16:09:04,745 [WARNING] ALERTA: sensor-01=32.56°C fora de [10.0,30.0]
2026-05-26 16:09:04,808 [INFO] LEITURA sensor-01: 13.03°C RTT=0.0ms
2026-05-26 16:09:04,841 [INFO] LEITURA sensor-01: 26.79°C RTT=0.0ms
2026-05-26 16:09:04,887 [INFO] LEITURA sensor-01: 34.5°C RTT=0.0ms
2026-05-26 16:09:04,887 [WARNING] ALERTA: sensor-01=34.5°C fora de [10.0,30.0]
2026-05-26 16:09:04,967 [INFO] LEITURA sensor-01: 9.19°C RTT=0.0ms
2026-05-26 16:09:04,969 [WARNING] ALERTA: sensor-01=9.19°C fora de [10.0,30.0]
2026-05-26 16:09:06,047 [INFO] LEITURA sensor-01: 17.85°C RTT=0.0ms
2026-05-26 16:09:07,048 [INFO] LEITURA sensor-01: 17.11°C RTT=0.0ms
2026-05-26 16:09:09,322 [INFO] HTTP 127.0.0.1 "GET /painel HTTP/1.1" 200 -
2026-05-26 16:09:13,327 [INFO] DESCONEXÃO voluntária: sensor-01
2026-05-26 16:09:13,351 [INFO] DESCONECTADO sensor-01
2026-05-26 16:09:14,435 [INFO] HTTP 127.0.0.1 "GET /painel HTTP/1.1" 200 -
2026-05-26 16:09:19,602 [INFO] HTTP 127.0.0.1 "GET /painel HTTP/1.1" 200 -
2026-05-26 16:09:19,982 [INFO] CONECTADO sensor-05 (umidade) lab='lab-2' addr=('127.0.0.1', 57588)
2026-05-26 16:09:22,492 [INFO] LEITURA sensor-05: 41.28% RTT=0.0ms
2026-05-26 16:09:24,726 [INFO] HTTP 127.0.0.1 "GET /painel HTTP/1.1" 200 -
2026-05-26 16:09:27,543 [INFO] LEITURA sensor-05: 60.46% RTT=0.0ms
2026-05-26 16:09:29,839 [INFO] HTTP 127.0.0.1 "GET /painel HTTP/1.1" 200 -
2026-05-26 16:09:31,383 [INFO] HTTP 127.0.0.1 "GET /painel HTTP/1.1" 200 -
2026-05-26 16:09:32,635 [INFO] LEITURA sensor-05: 97.21% RTT=0.0ms
2026-05-26 16:09:32,635 [WARNING] ALERTA: sensor-05=97.21% fora de [30.0,80.0]
2026-05-26 16:09:36,486 [INFO] HTTP 127.0.0.1 "GET /painel HTTP/1.1" 200 -
2026-05-26 16:09:37,579 [INFO] LEITURA sensor-05: 27.37% RTT=0.0ms
2026-05-26 16:09:37,579 [WARNING] ALERTA: sensor-05=27.37% fora de [30.0,80.0]
2026-05-26 16:09:41,569 [INFO] HTTP 127.0.0.1 "GET /painel HTTP/1.1" 200 -
2026-05-26 16:09:42,575 [INFO] LEITURA sensor-05: 71.48% RTT=0.0ms
2026-05-26 16:09:46,667 [INFO] HTTP 127.0.0.1 "GET /painel HTTP/1.1" 200 -
2026-05-26 16:09:47,602 [INFO] LEITURA sensor-05: 45.87% RTT=0.0ms
2026-05-26 16:09:51,772 [INFO] HTTP 127.0.0.1 "GET /painel HTTP/1.1" 200 -
2026-05-26 16:09:52,650 [INFO] LEITURA sensor-05: 45.29% RTT=0.0ms
2026-05-26 16:09:56,849 [INFO] HTTP 127.0.0.1 "GET /painel HTTP/1.1" 200 -
2026-05-26 16:09:57,603 [INFO] LEITURA sensor-05: 71.54% RTT=0.0ms
2026-05-26 16:09:58,235 [INFO] DESCONEXÃO voluntária: sensor-05
2026-05-26 16:09:58,265 [INFO] DESCONECTADO sensor-05
2026-05-26 16:10:01,944 [INFO] HTTP 127.0.0.1 "GET /painel HTTP/1.1" 200 -
2026-05-26 16:10:07,027 [INFO] HTTP 127.0.0.1 "GET /painel HTTP/1.1" 200 -
2026-05-26 16:10:12,113 [INFO] HTTP 127.0.0.1 "GET /painel HTTP/1.1" 200 -
2026-05-26 16:10:17,200 [INFO] HTTP 127.0.0.1 "GET /painel HTTP/1.1" 200 -
2026-05-26 16:10:22,293 [INFO] HTTP 127.0.0.1 "GET /painel HTTP/1.1" 200 -
2026-05-26 16:10:27,376 [INFO] HTTP 127.0.0.1 "GET /painel HTTP/1.1" 200 -
2026-05-26 16:10:32,449 [INFO] HTTP 127.0.0.1 "GET /painel HTTP/1.1" 200 -
2026-05-26 16:10:37,539 [INFO] HTTP 127.0.0.1 "GET /painel HTTP/1.1" 200 -
2026-05-26 16:10:42,661 [INFO] HTTP 127.0.0.1 "GET /painel HTTP/1.1" 200 -
2026-05-26 16:10:47,762 [INFO] HTTP 127.0.0.1 "GET /painel HTTP/1.1" 200 -
2026-05-26 16:10:52,895 [INFO] HTTP 127.0.0.1 "GET /painel HTTP/1.1" 200 -
2026-05-26 16:10:57,441 [INFO] CONECTADO sensor-01 (temperatura) lab='lab-1' addr=('127.0.0.1', 56404)
2026-05-26 16:10:58,101 [INFO] HTTP 127.0.0.1 "GET /painel HTTP/1.1" 200 -
2026-05-26 16:11:01,009 [INFO] LEITURA sensor-01: 35.02°C RTT=0.0ms
2026-05-26 16:11:01,009 [WARNING] ALERTA: sensor-01=35.02°C fora de [10.0,30.0]
2026-05-26 16:11:03,210 [INFO] HTTP 127.0.0.1 "GET /painel HTTP/1.1" 200 -
2026-05-26 16:11:06,073 [INFO] LEITURA sensor-01: 37.71°C RTT=0.0ms
2026-05-26 16:11:06,073 [WARNING] ALERTA: sensor-01=37.71°C fora de [10.0,30.0]
2026-05-26 16:11:08,293 [INFO] HTTP 127.0.0.1 "GET /painel HTTP/1.1" 200 -
2026-05-26 16:11:11,150 [INFO] LEITURA sensor-01: 36.73°C RTT=0.0ms
2026-05-26 16:11:11,150 [WARNING] ALERTA: sensor-01=36.73°C fora de [10.0,30.0]
2026-05-26 16:11:13,431 [INFO] HTTP 127.0.0.1 "GET /painel HTTP/1.1" 200 -
2026-05-26 16:11:16,088 [INFO] LEITURA sensor-01: 9.4°C RTT=0.0ms
2026-05-26 16:11:16,089 [WARNING] ALERTA: sensor-01=9.4°C fora de [10.0,30.0]
2026-05-26 16:11:18,502 [INFO] HTTP 127.0.0.1 "GET /painel HTTP/1.1" 200 -
2026-05-26 16:11:21,156 [INFO] LEITURA sensor-01: 23.11°C RTT=0.0ms
2026-05-26 16:11:23,631 [INFO] HTTP 127.0.0.1 "GET /painel HTTP/1.1" 200 -
2026-05-26 16:11:26,208 [INFO] LEITURA sensor-01: 21.47°C RTT=0.0ms
2026-05-26 16:11:28,773 [INFO] HTTP 127.0.0.1 "GET /painel HTTP/1.1" 200 -
2026-05-26 16:11:31,220 [INFO] LEITURA sensor-01: 32.01°C RTT=0.0ms
2026-05-26 16:11:31,220 [WARNING] ALERTA: sensor-01=32.01°C fora de [10.0,30.0]
2026-05-26 16:11:33,851 [INFO] HTTP 127.0.0.1 "GET /painel HTTP/1.1" 200 -
2026-05-26 16:11:36,222 [INFO] LEITURA sensor-01: 33.96°C RTT=0.0ms
2026-05-26 16:11:36,222 [WARNING] ALERTA: sensor-01=33.96°C fora de [10.0,30.0]
2026-05-26 16:11:38,938 [INFO] HTTP 127.0.0.1 "GET /painel HTTP/1.1" 200 -
2026-05-26 16:11:41,202 [INFO] LEITURA sensor-01: 23.17°C RTT=0.0ms
2026-05-26 16:11:44,001 [INFO] HTTP 127.0.0.1 "GET /painel HTTP/1.1" 200 -
2026-05-26 16:11:46,286 [INFO] LEITURA sensor-01: 27.59°C RTT=0.0ms
2026-05-26 16:11:49,090 [INFO] HTTP 127.0.0.1 "GET /painel HTTP/1.1" 200 -
2026-05-26 16:11:51,225 [INFO] LEITURA sensor-01: 22.73°C RTT=0.0ms
2026-05-26 16:11:54,157 [INFO] HTTP 127.0.0.1 "GET /painel HTTP/1.1" 200 -
2026-05-26 16:11:56,240 [INFO] LEITURA sensor-01: 21.69°C RTT=0.0ms
2026-05-26 16:11:59,274 [INFO] HTTP 127.0.0.1 "GET /painel HTTP/1.1" 200 -
2026-05-26 16:12:01,310 [INFO] LEITURA sensor-01: 11.32°C RTT=0.0ms
2026-05-26 16:12:04,341 [INFO] HTTP 127.0.0.1 "GET /painel HTTP/1.1" 200 -
2026-05-26 16:12:06,248 [INFO] LEITURA sensor-01: 27.0°C RTT=0.0ms
2026-05-26 16:12:09,429 [INFO] HTTP 127.0.0.1 "GET /painel HTTP/1.1" 200 -
2026-05-26 16:12:11,317 [INFO] LEITURA sensor-01: 13.28°C RTT=0.0ms
2026-05-26 16:12:14,509 [INFO] HTTP 127.0.0.1 "GET /painel HTTP/1.1" 200 -
2026-05-26 16:12:16,384 [INFO] LEITURA sensor-01: 23.42°C RTT=0.0ms
2026-05-26 16:12:19,687 [INFO] HTTP 127.0.0.1 "GET /painel HTTP/1.1" 200 -
2026-05-26 16:12:21,397 [INFO] LEITURA sensor-01: 10.88°C RTT=0.0ms
2026-05-26 16:12:24,775 [INFO] HTTP 127.0.0.1 "GET /painel HTTP/1.1" 200 -
2026-05-26 16:12:26,395 [INFO] LEITURA sensor-01: 20.07°C RTT=0.0ms
2026-05-26 16:12:29,841 [INFO] HTTP 127.0.0.1 "GET /painel HTTP/1.1" 200 -
2026-05-26 16:12:31,449 [INFO] LEITURA sensor-01: 32.12°C RTT=2.378ms
2026-05-26 16:12:31,449 [WARNING] ALERTA: sensor-01=32.12°C fora de [10.0,30.0]
2026-05-26 16:12:34,934 [INFO] HTTP 127.0.0.1 "GET /painel HTTP/1.1" 200 -
2026-05-26 16:12:36,447 [INFO] LEITURA sensor-01: 16.43°C RTT=0.0ms
2026-05-26 16:12:40,003 [INFO] HTTP 127.0.0.1 "GET /painel HTTP/1.1" 200 -
2026-05-26 16:12:41,513 [INFO] LEITURA sensor-01: 20.17°C RTT=1.344ms
2026-05-26 16:12:45,073 [INFO] HTTP 127.0.0.1 "GET /painel HTTP/1.1" 200 -
2026-05-26 16:12:46,461 [INFO] LEITURA sensor-01: 22.51°C RTT=0.0ms
2026-05-26 16:12:50,169 [INFO] HTTP 127.0.0.1 "GET /painel HTTP/1.1" 200 -
2026-05-26 16:12:51,489 [INFO] LEITURA sensor-01: 17.49°C RTT=0.0ms
2026-05-26 16:12:55,250 [INFO] HTTP 127.0.0.1 "GET /painel HTTP/1.1" 200 -
2026-05-26 16:12:56,464 [INFO] LEITURA sensor-01: 10.24°C RTT=1.973ms
2026-05-26 16:13:00,352 [INFO] HTTP 127.0.0.1 "GET /painel HTTP/1.1" 200 -
2026-05-26 16:13:01,463 [INFO] LEITURA sensor-01: 17.31°C RTT=0.0ms
2026-05-26 16:13:05,438 [INFO] HTTP 127.0.0.1 "GET /painel HTTP/1.1" 200 -
2026-05-26 16:13:06,505 [INFO] LEITURA sensor-01: 11.51°C RTT=0.0ms
2026-05-26 16:13:10,517 [INFO] HTTP 127.0.0.1 "GET /painel HTTP/1.1" 200 -
2026-05-26 16:13:11,610 [INFO] LEITURA sensor-01: 9.94°C RTT=0.0ms
2026-05-26 16:13:11,610 [WARNING] ALERTA: sensor-01=9.94°C fora de [10.0,30.0]
2026-05-26 16:13:15,609 [INFO] HTTP 127.0.0.1 "GET /painel HTTP/1.1" 200 -
2026-05-26 16:13:16,728 [INFO] LEITURA sensor-01: 26.34°C RTT=0.0ms
2026-05-26 16:13:20,695 [INFO] HTTP 127.0.0.1 "GET /painel HTTP/1.1" 200 -
2026-05-26 16:13:21,550 [INFO] LEITURA sensor-01: 12.44°C RTT=0.0ms
2026-05-26 16:13:25,772 [INFO] HTTP 127.0.0.1 "GET /painel HTTP/1.1" 200 -
2026-05-26 16:13:26,645 [INFO] LEITURA sensor-01: 10.62°C RTT=0.511ms
2026-05-26 16:13:30,858 [INFO] HTTP 127.0.0.1 "GET /painel HTTP/1.1" 200 -
2026-05-26 16:13:31,584 [INFO] LEITURA sensor-01: 11.17°C RTT=0.0ms
2026-05-26 16:13:35,943 [INFO] HTTP 127.0.0.1 "GET /painel HTTP/1.1" 200 -
2026-05-26 16:13:36,585 [INFO] LEITURA sensor-01: 18.45°C RTT=0.0ms
2026-05-26 16:13:41,031 [INFO] HTTP 127.0.0.1 "GET /painel HTTP/1.1" 200 -
2026-05-26 16:13:41,643 [INFO] LEITURA sensor-01: 11.14°C RTT=0.0ms
2026-05-26 16:13:46,133 [INFO] HTTP 127.0.0.1 "GET /painel HTTP/1.1" 200 -
2026-05-26 16:13:46,640 [INFO] LEITURA sensor-01: 18.13°C RTT=0.0ms
2026-05-26 16:13:51,216 [INFO] HTTP 127.0.0.1 "GET /painel HTTP/1.1" 200 -
2026-05-26 16:13:51,713 [INFO] LEITURA sensor-01: 35.7°C RTT=0.0ms
2026-05-26 16:13:51,713 [WARNING] ALERTA: sensor-01=35.7°C fora de [10.0,30.0]
2026-05-26 16:13:56,359 [INFO] HTTP 127.0.0.1 "GET /painel HTTP/1.1" 200 -
2026-05-26 16:13:56,715 [INFO] LEITURA sensor-01: 32.31°C RTT=0.0ms
2026-05-26 16:13:56,718 [WARNING] ALERTA: sensor-01=32.31°C fora de [10.0,30.0]
2026-05-26 16:14:01,451 [INFO] HTTP 127.0.0.1 "GET /painel HTTP/1.1" 200 -
2026-05-26 16:14:01,731 [INFO] LEITURA sensor-01: 27.22°C RTT=0.0ms
2026-05-26 16:14:06,515 [INFO] HTTP 127.0.0.1 "GET /painel HTTP/1.1" 200 -
2026-05-26 16:14:06,665 [INFO] LEITURA sensor-01: 20.96°C RTT=0.0ms
2026-05-26 16:14:11,597 [INFO] HTTP 127.0.0.1 "GET /painel HTTP/1.1" 200 -
2026-05-26 16:14:11,667 [INFO] LEITURA sensor-01: 20.64°C RTT=0.0ms
2026-05-26 16:14:16,680 [INFO] LEITURA sensor-01: 9.27°C RTT=0.0ms
2026-05-26 16:14:16,680 [WARNING] ALERTA: sensor-01=9.27°C fora de [10.0,30.0]
2026-05-26 16:14:16,689 [INFO] HTTP 127.0.0.1 "GET /painel HTTP/1.1" 200 -
2026-05-26 16:14:21,771 [INFO] HTTP 127.0.0.1 "GET /painel HTTP/1.1" 200 -
2026-05-26 16:14:21,783 [INFO] LEITURA sensor-01: 35.89°C RTT=0.0ms
2026-05-26 16:14:21,784 [WARNING] ALERTA: sensor-01=35.89°C fora de [10.0,30.0]
2026-05-26 16:14:26,796 [INFO] LEITURA sensor-01: 28.32°C RTT=0.0ms
2026-05-26 16:14:26,880 [INFO] HTTP 127.0.0.1 "GET /painel HTTP/1.1" 200 -
2026-05-26 16:14:31,900 [INFO] LEITURA sensor-01: 23.51°C RTT=1.563ms
2026-05-26 16:14:31,953 [INFO] HTTP 127.0.0.1 "GET /painel HTTP/1.1" 200 -
2026-05-26 16:14:38,343 [INFO] LEITURA sensor-01: 13.68°C RTT=0.0ms
2026-05-26 16:14:38,388 [INFO] HTTP 127.0.0.1 "GET /painel HTTP/1.1" 200 -
2026-05-26 16:14:42,459 [INFO] LEITURA sensor-01: 26.15°C RTT=0.0ms
2026-05-26 16:14:43,500 [INFO] HTTP 127.0.0.1 "GET /painel HTTP/1.1" 200 -
2026-05-26 16:14:46,845 [INFO] LEITURA sensor-01: 37.65°C RTT=0.0ms
2026-05-26 16:14:46,860 [WARNING] ALERTA: sensor-01=37.65°C fora de [10.0,30.0]
2026-05-26 16:14:48,584 [INFO] HTTP 127.0.0.1 "GET /painel HTTP/1.1" 200 -
2026-05-26 16:14:51,861 [INFO] LEITURA sensor-01: 20.75°C RTT=0.0ms
2026-05-26 16:14:53,680 [INFO] HTTP 127.0.0.1 "GET /painel HTTP/1.1" 200 -
2026-05-26 16:14:56,883 [INFO] LEITURA sensor-01: 16.3°C RTT=0.0ms
2026-05-26 16:14:58,761 [INFO] HTTP 127.0.0.1 "GET /painel HTTP/1.1" 200 -
2026-05-26 16:15:01,890 [INFO] LEITURA sensor-01: 27.45°C RTT=0.0ms
2026-05-26 16:15:03,866 [INFO] HTTP 127.0.0.1 "GET /painel HTTP/1.1" 200 -
2026-05-26 16:15:06,904 [INFO] LEITURA sensor-01: 9.37°C RTT=0.655ms
2026-05-26 16:15:06,904 [WARNING] ALERTA: sensor-01=9.37°C fora de [10.0,30.0]
2026-05-26 16:15:08,989 [INFO] HTTP 127.0.0.1 "GET /painel HTTP/1.1" 200 -
2026-05-26 16:15:11,919 [INFO] LEITURA sensor-01: 10.63°C RTT=0.705ms
2026-05-26 16:15:14,063 [INFO] HTTP 127.0.0.1 "GET /painel HTTP/1.1" 200 -
2026-05-26 16:15:16,923 [INFO] LEITURA sensor-01: 20.9°C RTT=0.0ms
2026-05-26 16:15:19,126 [INFO] HTTP 127.0.0.1 "GET /painel HTTP/1.1" 200 -
2026-05-26 16:15:21,934 [INFO] LEITURA sensor-01: 27.17°C RTT=1.149ms
2026-05-26 16:15:24,204 [INFO] HTTP 127.0.0.1 "GET /painel HTTP/1.1" 200 -
2026-05-26 16:15:27,395 [INFO] LEITURA sensor-01: 15.32°C RTT=0.0ms
2026-05-26 16:15:29,314 [INFO] HTTP 127.0.0.1 "GET /painel HTTP/1.1" 200 -
2026-05-26 16:15:34,436 [INFO] HTTP 127.0.0.1 "GET /painel HTTP/1.1" 200 -
2026-05-26 16:15:39,592 [INFO] HTTP 127.0.0.1 "GET /painel HTTP/1.1" 200 -
2026-05-26 16:15:44,775 [INFO] HTTP 127.0.0.1 "GET /painel HTTP/1.1" 200 -
2026-05-26 16:15:49,883 [INFO] HTTP 127.0.0.1 "GET /painel HTTP/1.1" 200 -
2026-05-26 16:15:54,982 [INFO] HTTP 127.0.0.1 "GET /painel HTTP/1.1" 200 -
2026-05-26 16:16:00,090 [INFO] HTTP 127.0.0.1 "GET /painel HTTP/1.1" 200 -
2026-05-26 16:16:05,195 [INFO] HTTP 127.0.0.1 "GET /painel HTTP/1.1" 200 -
2026-05-26 16:16:10,292 [INFO] HTTP 127.0.0.1 "GET /painel HTTP/1.1" 200 -
2026-05-26 16:16:15,684 [INFO] HTTP 127.0.0.1 "GET /painel HTTP/1.1" 200 -
2026-05-26 16:16:20,865 [INFO] HTTP 127.0.0.1 "GET /painel HTTP/1.1" 200 -
2026-05-26 16:16:25,971 [INFO] HTTP 127.0.0.1 "GET /painel HTTP/1.1" 200 -
2026-05-26 16:16:31,069 [INFO] HTTP 127.0.0.1 "GET /painel HTTP/1.1" 200 -
2026-05-26 16:16:36,167 [INFO] HTTP 127.0.0.1 "GET /painel HTTP/1.1" 200 -
2026-05-26 16:16:41,269 [INFO] HTTP 127.0.0.1 "GET /painel HTTP/1.1" 200 -
2026-05-26 16:16:46,377 [INFO] HTTP 127.0.0.1 "GET /painel HTTP/1.1" 200 -
2026-05-26 16:16:51,479 [INFO] HTTP 127.0.0.1 "GET /painel HTTP/1.1" 200 -
2026-05-26 16:16:56,542 [INFO] HTTP 127.0.0.1 "GET /painel HTTP/1.1" 200 -
2026-05-26 16:17:01,625 [INFO] HTTP 127.0.0.1 "GET /painel HTTP/1.1" 200 -
2026-05-26 16:17:06,704 [INFO] HTTP 127.0.0.1 "GET /painel HTTP/1.1" 200 -
2026-05-26 16:17:11,792 [INFO] HTTP 127.0.0.1 "GET /painel HTTP/1.1" 200 -
2026-05-26 16:17:16,875 [INFO] HTTP 127.0.0.1 "GET /painel HTTP/1.1" 200 -
2026-05-26 16:17:21,951 [INFO] HTTP 127.0.0.1 "GET /painel HTTP/1.1" 200 -
2026-05-26 16:17:27,042 [INFO] HTTP 127.0.0.1 "GET /painel HTTP/1.1" 200 -
2026-05-26 16:17:32,133 [INFO] HTTP 127.0.0.1 "GET /painel HTTP/1.1" 200 -
2026-05-26 16:17:37,239 [INFO] HTTP 127.0.0.1 "GET /painel HTTP/1.1" 200 -
2026-05-26 16:17:42,333 [INFO] HTTP 127.0.0.1 "GET /painel HTTP/1.1" 200 -
2026-05-26 16:17:47,499 [INFO] HTTP 127.0.0.1 "GET /painel HTTP/1.1" 200 -
2026-05-26 16:17:52,595 [INFO] HTTP 127.0.0.1 "GET /painel HTTP/1.1" 200 -
2026-05-26 16:17:57,711 [INFO] HTTP 127.0.0.1 "GET /painel HTTP/1.1" 200 -
2026-05-26 16:18:02,826 [INFO] HTTP 127.0.0.1 "GET /painel HTTP/1.1" 200 -
2026-05-26 16:18:07,950 [INFO] HTTP 127.0.0.1 "GET /painel HTTP/1.1" 200 -
2026-05-26 16:18:13,104 [INFO] HTTP 127.0.0.1 "GET /painel HTTP/1.1" 200 -
2026-05-26 16:18:18,269 [INFO] HTTP 127.0.0.1 "GET /painel HTTP/1.1" 200 -
2026-05-26 16:18:23,342 [INFO] HTTP 127.0.0.1 "GET /painel HTTP/1.1" 200 -
2026-05-26 16:18:28,441 [INFO] HTTP 127.0.0.1 "GET /painel HTTP/1.1" 200 -
2026-05-26 16:18:33,555 [INFO] HTTP 127.0.0.1 "GET /painel HTTP/1.1" 200 -
2026-05-26 16:18:38,740 [INFO] HTTP 127.0.0.1 "GET /painel HTTP/1.1" 200 -
2026-05-26 16:18:43,872 [INFO] HTTP 127.0.0.1 "GET /painel HTTP/1.1" 200 -
2026-05-26 16:18:49,045 [INFO] HTTP 127.0.0.1 "GET /painel HTTP/1.1" 200 -
2026-05-26 16:18:54,142 [INFO] HTTP 127.0.0.1 "GET /painel HTTP/1.1" 200 -
2026-05-26 16:18:59,242 [INFO] HTTP 127.0.0.1 "GET /painel HTTP/1.1" 200 -
2026-05-26 16:19:04,344 [INFO] HTTP 127.0.0.1 "GET /painel HTTP/1.1" 200 -
2026-05-26 16:19:09,518 [INFO] HTTP 127.0.0.1 "GET /painel HTTP/1.1" 200 -
2026-05-26 16:19:14,621 [INFO] HTTP 127.0.0.1 "GET /painel HTTP/1.1" 200 -
2026-05-26 16:19:19,748 [INFO] HTTP 127.0.0.1 "GET /painel HTTP/1.1" 200 -
2026-05-26 16:19:24,868 [INFO] HTTP 127.0.0.1 "GET /painel HTTP/1.1" 200 -
2026-05-26 16:19:29,983 [INFO] HTTP 127.0.0.1 "GET /painel HTTP/1.1" 200 -
2026-05-26 16:19:35,097 [INFO] HTTP 127.0.0.1 "GET /painel HTTP/1.1" 200 -
2026-05-26 16:19:40,175 [INFO] HTTP 127.0.0.1 "GET /painel HTTP/1.1" 200 -
2026-05-26 16:19:45,262 [INFO] HTTP 127.0.0.1 "GET /painel HTTP/1.1" 200 -
2026-05-26 16:19:50,346 [INFO] HTTP 127.0.0.1 "GET /painel HTTP/1.1" 200 -
2026-05-26 16:19:55,427 [INFO] HTTP 127.0.0.1 "GET /painel HTTP/1.1" 200 -
2026-05-26 16:20:00,528 [INFO] HTTP 127.0.0.1 "GET /painel HTTP/1.1" 200 -
2026-05-26 16:20:05,623 [INFO] HTTP 127.0.0.1 "GET /painel HTTP/1.1" 200 -
2026-05-26 16:20:10,727 [INFO] HTTP 127.0.0.1 "GET /painel HTTP/1.1" 200 -
2026-05-26 16:20:15,819 [INFO] HTTP 127.0.0.1 "GET /painel HTTP/1.1" 200 -
2026-05-26 16:20:20,926 [INFO] HTTP 127.0.0.1 "GET /painel HTTP/1.1" 200 -
2026-05-26 16:20:26,013 [INFO] HTTP 127.0.0.1 "GET /painel HTTP/1.1" 200 -
2026-05-26 16:20:31,104 [INFO] HTTP 127.0.0.1 "GET /painel HTTP/1.1" 200 -
2026-05-26 16:20:36,186 [INFO] HTTP 127.0.0.1 "GET /painel HTTP/1.1" 200 -
2026-05-26 16:20:41,250 [INFO] HTTP 127.0.0.1 "GET /painel HTTP/1.1" 200 -
2026-05-26 16:20:46,408 [INFO] HTTP 127.0.0.1 "GET /painel HTTP/1.1" 200 -
2026-05-26 16:20:51,517 [INFO] HTTP 127.0.0.1 "GET /painel HTTP/1.1" 200 -
2026-05-26 16:20:52,168 [INFO] CONECTADO sensor-01 (temperatura) lab='lab-1' addr=('127.0.0.1', 54571)
2026-05-26 16:20:56,629 [INFO] HTTP 127.0.0.1 "GET /painel HTTP/1.1" 200 -
2026-05-26 16:21:01,729 [INFO] HTTP 127.0.0.1 "GET /painel HTTP/1.1" 200 -
2026-05-26 16:21:06,839 [INFO] HTTP 127.0.0.1 "GET /painel HTTP/1.1" 200 -
2026-05-26 16:21:11,945 [INFO] HTTP 127.0.0.1 "GET /painel HTTP/1.1" 200 -
2026-05-26 16:21:17,046 [INFO] HTTP 127.0.0.1 "GET /painel HTTP/1.1" 200 -
2026-05-26 16:21:22,135 [INFO] HTTP 127.0.0.1 "GET /painel HTTP/1.1" 200 -
2026-05-26 16:21:27,213 [INFO] HTTP 127.0.0.1 "GET /painel HTTP/1.1" 200 -
2026-05-26 16:21:32,020 [INFO] DESCONEXÃO voluntária: sensor-01
2026-05-26 16:21:32,045 [INFO] DESCONECTADO sensor-01
2026-05-26 16:21:32,424 [INFO] HTTP 127.0.0.1 "GET /painel HTTP/1.1" 200 -
2026-05-26 16:21:34,686 [INFO] CONECTADO sensor-01 (umidade) lab='lab-1' addr=('127.0.0.1', 55193)
2026-05-26 16:21:37,515 [INFO] HTTP 127.0.0.1 "GET /painel HTTP/1.1" 200 -
2026-05-26 16:21:42,594 [INFO] HTTP 127.0.0.1 "GET /painel HTTP/1.1" 200 -
2026-05-26 16:21:47,693 [INFO] HTTP 127.0.0.1 "GET /painel HTTP/1.1" 200 -
2026-05-26 16:21:52,783 [INFO] HTTP 127.0.0.1 "GET /painel HTTP/1.1" 200 -
2026-05-26 16:21:57,850 [INFO] HTTP 127.0.0.1 "GET /painel HTTP/1.1" 200 -
2026-05-26 16:22:02,920 [INFO] HTTP 127.0.0.1 "GET /painel HTTP/1.1" 200 -
2026-05-26 16:22:08,037 [INFO] HTTP 127.0.0.1 "GET /painel HTTP/1.1" 200 -
2026-05-26 16:22:08,288 [INFO] DESCONEXÃO voluntária: sensor-01
2026-05-26 16:22:08,367 [INFO] DESCONECTADO sensor-01
2026-05-26 16:22:11,711 [INFO] CONECTADO sensor-01 (co2) lab='lab-1' addr=('127.0.0.1', 64452)
2026-05-26 16:22:13,136 [INFO] HTTP 127.0.0.1 "GET /painel HTTP/1.1" 200 -
2026-05-26 16:22:18,225 [INFO] HTTP 127.0.0.1 "GET /painel HTTP/1.1" 200 -
2026-05-26 16:22:23,326 [INFO] HTTP 127.0.0.1 "GET /painel HTTP/1.1" 200 -
2026-05-26 16:22:28,442 [INFO] HTTP 127.0.0.1 "GET /painel HTTP/1.1" 200 -
2026-05-26 16:22:33,553 [INFO] HTTP 127.0.0.1 "GET /painel HTTP/1.1" 200 -
2026-05-26 16:22:38,633 [INFO] HTTP 127.0.0.1 "GET /painel HTTP/1.1" 200 -
2026-05-26 16:22:43,551 [INFO] DESCONEXÃO voluntária: sensor-01
2026-05-26 16:22:43,639 [INFO] DESCONECTADO sensor-01
2026-05-26 16:22:43,747 [INFO] HTTP 127.0.0.1 "GET /painel HTTP/1.1" 200 -
2026-05-26 16:22:45,861 [INFO] CONECTADO sensor-01 (cpu) lab='lab-1' addr=('127.0.0.1', 63130)
2026-05-26 16:22:48,835 [INFO] HTTP 127.0.0.1 "GET /painel HTTP/1.1" 200 -
2026-05-26 16:22:53,941 [INFO] HTTP 127.0.0.1 "GET /painel HTTP/1.1" 200 -
2026-05-26 16:22:59,024 [INFO] HTTP 127.0.0.1 "GET /painel HTTP/1.1" 200 -
2026-05-26 16:23:04,094 [INFO] HTTP 127.0.0.1 "GET /painel HTTP/1.1" 200 -
2026-05-26 16:23:09,159 [INFO] HTTP 127.0.0.1 "GET /painel HTTP/1.1" 200 -
2026-05-26 16:23:14,264 [INFO] HTTP 127.0.0.1 "GET /painel HTTP/1.1" 200 -
2026-05-26 16:23:19,350 [INFO] HTTP 127.0.0.1 "GET /painel HTTP/1.1" 200 -
2026-05-26 16:23:24,423 [INFO] HTTP 127.0.0.1 "GET /painel HTTP/1.1" 200 -
2026-05-26 16:23:29,508 [INFO] HTTP 127.0.0.1 "GET /painel HTTP/1.1" 200 -
2026-05-26 16:23:34,614 [INFO] HTTP 127.0.0.1 "GET /painel HTTP/1.1" 200 -
2026-05-26 16:23:39,721 [INFO] HTTP 127.0.0.1 "GET /painel HTTP/1.1" 200 -
2026-05-26 16:23:44,999 [INFO] HTTP 127.0.0.1 "GET /painel HTTP/1.1" 200 -
2026-05-26 16:23:50,102 [INFO] HTTP 127.0.0.1 "GET /painel HTTP/1.1" 200 -
2026-05-26 16:23:50,459 [INFO] LEITURA sensor-01: 65.49% RTT=0.0ms
2026-05-26 16:23:51,562 [INFO] LEITURA sensor-01: 61.95% RTT=0.0ms
2026-05-26 16:23:52,567 [INFO] LEITURA sensor-01: 67.43% RTT=0.0ms
2026-05-26 16:23:53,557 [INFO] LEITURA sensor-01: 38.86% RTT=0.0ms
2026-05-26 16:23:54,436 [INFO] LEITURA sensor-01: 33.84°C RTT=0.0ms
2026-05-26 16:23:54,441 [WARNING] ALERTA: sensor-01=33.84°C fora de [10.0,30.0]
2026-05-26 16:23:54,523 [INFO] LEITURA sensor-01: 25.98% RTT=0.0ms
2026-05-26 16:23:55,276 [INFO] HTTP 127.0.0.1 "GET /painel HTTP/1.1" 200 -
2026-05-26 16:23:55,531 [INFO] LEITURA sensor-01: 67.01% RTT=0.0ms
2026-05-26 16:23:56,590 [INFO] LEITURA sensor-01: 6.63% RTT=0.0ms
2026-05-26 16:23:57,650 [INFO] LEITURA sensor-01: 47.32% RTT=0.0ms
2026-05-26 16:23:58,767 [INFO] LEITURA sensor-01: 84.44% RTT=0.0ms
2026-05-26 16:23:59,547 [INFO] LEITURA sensor-01: 23.9°C RTT=0.0ms
2026-05-26 16:23:59,770 [INFO] LEITURA sensor-01: 62.19% RTT=0.0ms
2026-05-26 16:24:00,367 [INFO] HTTP 127.0.0.1 "GET /painel HTTP/1.1" 200 -
2026-05-26 16:24:00,716 [INFO] LEITURA sensor-01: 42.61% RTT=0.0ms
2026-05-26 16:24:01,810 [INFO] LEITURA sensor-01: 99.55% RTT=0.0ms
2026-05-26 16:24:01,810 [WARNING] ALERTA: sensor-01=99.55% fora de [0.0,90.0]
2026-05-26 16:24:02,800 [INFO] LEITURA sensor-01: 2.01% RTT=0.0ms
2026-05-26 16:24:03,740 [INFO] LEITURA sensor-01: 4.48% RTT=0.0ms
2026-05-26 16:24:04,579 [INFO] LEITURA sensor-01: 24.28°C RTT=0.0ms
2026-05-26 16:24:04,821 [INFO] LEITURA sensor-01: 19.62% RTT=0.0ms
2026-05-26 16:24:05,462 [INFO] HTTP 127.0.0.1 "GET /painel HTTP/1.1" 200 -
2026-05-26 16:24:05,757 [INFO] LEITURA sensor-01: 106.63% RTT=2.018ms
2026-05-26 16:24:05,757 [WARNING] ALERTA: sensor-01=106.63% fora de [0.0,90.0]
2026-05-26 16:24:06,829 [INFO] LEITURA sensor-01: 67.13% RTT=0.0ms
2026-05-26 16:24:07,769 [INFO] LEITURA sensor-01: 60.81% RTT=0.0ms
2026-05-26 16:24:08,844 [INFO] LEITURA sensor-01: 36.08% RTT=0.0ms
2026-05-26 16:24:09,642 [INFO] LEITURA sensor-01: 22.1°C RTT=0.0ms
2026-05-26 16:24:09,954 [INFO] LEITURA sensor-01: 23.92% RTT=0.0ms
2026-05-26 16:24:10,564 [INFO] HTTP 127.0.0.1 "GET /painel HTTP/1.1" 200 -
2026-05-26 16:24:10,978 [INFO] LEITURA sensor-01: 67.44% RTT=0.0ms
2026-05-26 16:24:11,910 [INFO] LEITURA sensor-01: 22.59% RTT=0.0ms
2026-05-26 16:24:12,977 [INFO] LEITURA sensor-01: 14.18% RTT=0.0ms
2026-05-26 16:24:14,093 [INFO] LEITURA sensor-01: 99.39% RTT=0.0ms
2026-05-26 16:24:14,094 [WARNING] ALERTA: sensor-01=99.39% fora de [0.0,90.0]
2026-05-26 16:24:14,664 [INFO] LEITURA sensor-01: 13.73°C RTT=0.0ms
2026-05-26 16:24:15,043 [INFO] LEITURA sensor-01: 77.79% RTT=0.0ms
2026-05-26 16:24:15,727 [INFO] HTTP 127.0.0.1 "GET /painel HTTP/1.1" 200 -
2026-05-26 16:24:16,076 [INFO] LEITURA sensor-01: 44.75% RTT=0.0ms
2026-05-26 16:24:17,107 [INFO] LEITURA sensor-01: 54.77% RTT=0.0ms
2026-05-26 16:24:18,113 [INFO] LEITURA sensor-01: 49.72% RTT=0.0ms
2026-05-26 16:24:19,124 [INFO] LEITURA sensor-01: 73.7% RTT=0.0ms
2026-05-26 16:24:19,664 [INFO] LEITURA sensor-01: 33.8°C RTT=0.0ms
2026-05-26 16:24:19,664 [WARNING] ALERTA: sensor-01=33.8°C fora de [10.0,30.0]
2026-05-26 16:24:20,128 [INFO] LEITURA sensor-01: 72.05% RTT=0.0ms
2026-05-26 16:24:20,816 [INFO] HTTP 127.0.0.1 "GET /painel HTTP/1.1" 200 -
2026-05-26 16:24:21,075 [INFO] LEITURA sensor-01: 77.1% RTT=0.0ms
2026-05-26 16:24:22,080 [INFO] LEITURA sensor-01: 83.49% RTT=0.0ms
2026-05-26 16:24:23,145 [INFO] LEITURA sensor-01: 49.7% RTT=0.0ms
2026-05-26 16:24:24,138 [INFO] LEITURA sensor-01: 57.35% RTT=0.0ms
2026-05-26 16:24:24,729 [INFO] LEITURA sensor-01: 10.9°C RTT=6.057ms
2026-05-26 16:24:25,265 [INFO] LEITURA sensor-01: 105.17% RTT=0.0ms
2026-05-26 16:24:25,265 [WARNING] ALERTA: sensor-01=105.17% fora de [0.0,90.0]
2026-05-26 16:24:25,925 [INFO] HTTP 127.0.0.1 "GET /painel HTTP/1.1" 200 -
2026-05-26 16:24:26,280 [INFO] LEITURA sensor-01: 59.87% RTT=0.0ms
2026-05-26 16:24:27,220 [INFO] LEITURA sensor-01: 12.83% RTT=0.0ms
2026-05-26 16:24:28,242 [INFO] LEITURA sensor-01: 69.19% RTT=0.0ms
2026-05-26 16:24:29,233 [INFO] LEITURA sensor-01: 76.57% RTT=0.0ms
2026-05-26 16:24:30,317 [INFO] LEITURA sensor-01: 33.81% RTT=0.0ms
2026-05-26 16:24:30,464 [INFO] DESCONEXÃO voluntária: sensor-01
2026-05-26 16:24:30,495 [INFO] DESCONECTADO sensor-01
2026-05-26 16:24:31,122 [INFO] HTTP 127.0.0.1 "GET /painel HTTP/1.1" 200 -
2026-05-26 16:24:34,459 [INFO] DESCONEXÃO voluntária: sensor-01
2026-05-26 16:24:34,490 [INFO] DESCONECTADO sensor-01
2026-05-26 16:24:36,224 [INFO] HTTP 127.0.0.1 "GET /painel HTTP/1.1" 200 -
2026-05-26 16:24:41,340 [INFO] HTTP 127.0.0.1 "GET /painel HTTP/1.1" 200 -
2026-05-26 16:24:46,409 [INFO] HTTP 127.0.0.1 "GET /painel HTTP/1.1" 200 -
2026-05-26 16:28:24,669 [INFO] Servidor TCP aguardando em 127.0.0.1:9000
2026-05-26 16:28:24,669 [INFO] Painel web: http://127.0.0.1:8080/painel
2026-05-26 16:28:24,698 [INFO] Painel HTTP em http://127.0.0.1:8080/painel
2026-05-26 16:30:55,447 [INFO] CONECTADO sensor-01 (temperatura) lab='lab-1' addr=('127.0.0.1', 55377)
2026-05-26 16:31:07,693 [INFO] LEITURA sensor-01: 25.0°C RTT=0.0ms
2026-05-26 16:31:09,431 [INFO] LEITURA sensor-01: 25.0°C RTT=0.0ms
2026-05-26 16:31:10,043 [INFO] LEITURA sensor-01: 25.0°C RTT=0.0ms
2026-05-26 16:31:10,708 [INFO] LEITURA sensor-01: 25.0°C RTT=0.0ms
2026-05-26 16:31:11,906 [INFO] LEITURA sensor-01: 25.0°C RTT=0.0ms
2026-05-26 16:31:12,897 [INFO] LEITURA sensor-01: 25.0°C RTT=0.0ms
2026-05-26 16:31:13,503 [INFO] LEITURA sensor-01: 25.0°C RTT=0.0ms
2026-05-26 16:31:23,395 [INFO] LEITURA sensor-01: 25.64°C RTT=0.0ms
2026-05-26 16:31:24,456 [INFO] LEITURA sensor-01: 36.51°C RTT=0.0ms
2026-05-26 16:31:24,456 [WARNING] ALERTA: sensor-01=36.51°C fora de [10.0,30.0]
2026-05-26 16:31:25,461 [INFO] LEITURA sensor-01: 35.39°C RTT=0.0ms
2026-05-26 16:31:25,461 [WARNING] ALERTA: sensor-01=35.39°C fora de [10.0,30.0]
2026-05-26 16:31:26,521 [INFO] LEITURA sensor-01: 35.73°C RTT=0.0ms
2026-05-26 16:31:26,521 [WARNING] ALERTA: sensor-01=35.73°C fora de [10.0,30.0]
2026-05-26 16:31:27,465 [INFO] LEITURA sensor-01: 23.21°C RTT=0.0ms
2026-05-26 16:31:28,474 [INFO] LEITURA sensor-01: 9.45°C RTT=2.017ms
2026-05-26 16:31:28,474 [WARNING] ALERTA: sensor-01=9.45°C fora de [10.0,30.0]
2026-05-26 16:31:29,483 [INFO] LEITURA sensor-01: 33.85°C RTT=0.0ms
2026-05-26 16:31:29,483 [WARNING] ALERTA: sensor-01=33.85°C fora de [10.0,30.0]
2026-05-26 16:31:30,514 [INFO] LEITURA sensor-01: 13.03°C RTT=0.0ms
2026-05-26 16:31:34,142 [INFO] LEITURA sensor-01: 34.43°C RTT=0.0ms
2026-05-26 16:31:34,142 [WARNING] ALERTA: sensor-01=34.43°C fora de [10.0,30.0]
2026-05-26 16:31:34,218 [INFO] LEITURA sensor-01: 17.19°C RTT=0.0ms
2026-05-26 16:31:34,271 [INFO] LEITURA sensor-01: 24.64°C RTT=0.0ms
2026-05-26 16:31:34,652 [INFO] LEITURA sensor-01: 15.87°C RTT=2.641ms
2026-05-26 16:31:35,595 [INFO] LEITURA sensor-01: 12.41°C RTT=0.0ms
2026-05-26 16:31:36,683 [INFO] LEITURA sensor-01: 16.92°C RTT=0.0ms
2026-05-26 16:31:37,808 [INFO] LEITURA sensor-01: 16.74°C RTT=0.0ms
2026-05-26 16:31:38,803 [INFO] LEITURA sensor-01: 21.56°C RTT=0.0ms
2026-05-26 16:31:39,819 [INFO] LEITURA sensor-01: 9.87°C RTT=0.0ms
2026-05-26 16:31:39,819 [WARNING] ALERTA: sensor-01=9.87°C fora de [10.0,30.0]
2026-05-26 16:31:40,815 [INFO] LEITURA sensor-01: 38.46°C RTT=0.0ms
2026-05-26 16:31:40,815 [WARNING] ALERTA: sensor-01=38.46°C fora de [10.0,30.0]
2026-05-26 16:31:41,758 [INFO] LEITURA sensor-01: 23.37°C RTT=0.0ms
2026-05-26 16:31:42,827 [INFO] LEITURA sensor-01: 28.2°C RTT=0.0ms
2026-05-26 16:31:43,879 [INFO] LEITURA sensor-01: 13.32°C RTT=0.0ms
2026-05-26 16:31:44,925 [INFO] LEITURA sensor-01: 16.22°C RTT=0.0ms
2026-05-26 16:31:45,962 [INFO] LEITURA sensor-01: 33.69°C RTT=1.573ms
2026-05-26 16:31:45,965 [WARNING] ALERTA: sensor-01=33.69°C fora de [10.0,30.0]
2026-05-26 16:31:46,956 [INFO] LEITURA sensor-01: 33.39°C RTT=2.986ms
2026-05-26 16:31:46,956 [WARNING] ALERTA: sensor-01=33.39°C fora de [10.0,30.0]
2026-05-26 16:31:47,899 [INFO] LEITURA sensor-01: 18.68°C RTT=0.0ms
2026-05-26 16:31:48,972 [INFO] LEITURA sensor-01: 19.86°C RTT=0.0ms
2026-05-26 16:31:49,918 [INFO] LEITURA sensor-01: 12.95°C RTT=0.0ms
2026-05-26 16:31:50,979 [INFO] LEITURA sensor-01: 16.33°C RTT=0.0ms
2026-05-26 16:31:58,398 [INFO] DESCONEXÃO voluntária: sensor-01
2026-05-26 16:31:58,414 [INFO] DESCONECTADO sensor-01
2026-05-26 16:32:08,237 [INFO] CONECTADO sensor-01 (umidade) lab='lab-2' addr=('127.0.0.1', 55382)
2026-05-26 16:32:13,653 [INFO] LEITURA sensor-01: 100.63% RTT=0.0ms
2026-05-26 16:32:13,653 [WARNING] ALERTA: sensor-01=100.63% fora de [30.0,80.0]
2026-05-26 16:32:18,771 [INFO] LEITURA sensor-01: 91.62% RTT=1.211ms
2026-05-26 16:32:18,771 [WARNING] ALERTA: sensor-01=91.62% fora de [30.0,80.0]
2026-05-26 16:32:23,798 [INFO] LEITURA sensor-01: 57.21% RTT=0.0ms
2026-05-26 16:32:28,740 [INFO] LEITURA sensor-01: 42.28% RTT=0.0ms
2026-05-26 16:32:33,811 [INFO] LEITURA sensor-01: 64.67% RTT=0.0ms
2026-05-26 16:32:38,749 [INFO] LEITURA sensor-01: 51.45% RTT=0.0ms
2026-05-26 16:32:43,777 [INFO] LEITURA sensor-01: 44.61% RTT=1.644ms
2026-05-26 16:32:48,841 [INFO] LEITURA sensor-01: 51.96% RTT=0.0ms
2026-05-26 16:32:53,880 [INFO] LEITURA sensor-01: 90.58% RTT=0.0ms
2026-05-26 16:32:53,892 [WARNING] ALERTA: sensor-01=90.58% fora de [30.0,80.0]
2026-05-26 16:32:58,896 [INFO] LEITURA sensor-01: 71.73% RTT=0.0ms
2026-05-26 16:33:03,892 [INFO] LEITURA sensor-01: 67.71% RTT=0.0ms
2026-05-26 16:33:08,997 [INFO] LEITURA sensor-01: 64.16% RTT=0.0ms
2026-05-26 16:33:13,956 [INFO] LEITURA sensor-01: 46.1% RTT=0.0ms
2026-05-26 16:33:18,961 [INFO] LEITURA sensor-01: 46.69% RTT=0.0ms
2026-05-26 16:33:24,004 [INFO] LEITURA sensor-01: 62.74% RTT=3.491ms
2026-05-26 16:33:29,025 [INFO] LEITURA sensor-01: 66.96% RTT=0.0ms
2026-05-26 16:33:31,280 [INFO] CONECTADO sensor-07 (cpu) lab='lab-5' addr=('127.0.0.1', 57074)
2026-05-26 16:33:34,022 [INFO] LEITURA sensor-01: 91.07% RTT=0.0ms
2026-05-26 16:33:34,022 [WARNING] ALERTA: sensor-01=91.07% fora de [30.0,80.0]
2026-05-26 16:33:37,966 [INFO] LEITURA sensor-07: 54.28% RTT=0.0ms
2026-05-26 16:33:39,044 [INFO] LEITURA sensor-01: 92.1% RTT=0.0ms
2026-05-26 16:33:39,044 [WARNING] ALERTA: sensor-01=92.1% fora de [30.0,80.0]
2026-05-26 16:33:41,088 [INFO] LEITURA sensor-07: 97.5% RTT=0.0ms
2026-05-26 16:33:41,088 [WARNING] ALERTA: sensor-07=97.5% fora de [0.0,90.0]
2026-05-26 16:33:44,083 [INFO] LEITURA sensor-07: 78.91% RTT=0.0ms
2026-05-26 16:33:44,101 [INFO] LEITURA sensor-01: 95.76% RTT=0.0ms
2026-05-26 16:33:44,101 [WARNING] ALERTA: sensor-01=95.76% fora de [30.0,80.0]
2026-05-26 16:33:47,033 [INFO] LEITURA sensor-07: 55.27% RTT=0.0ms
2026-05-26 16:33:49,101 [INFO] LEITURA sensor-01: 96.9% RTT=0.0ms
2026-05-26 16:33:49,101 [WARNING] ALERTA: sensor-01=96.9% fora de [30.0,80.0]
2026-05-26 16:33:50,089 [INFO] LEITURA sensor-07: 47.72% RTT=0.0ms
2026-05-26 16:33:53,124 [INFO] LEITURA sensor-07: 6.63% RTT=0.0ms
2026-05-26 16:33:54,118 [INFO] LEITURA sensor-01: 85.87% RTT=1.686ms
2026-05-26 16:33:54,121 [WARNING] ALERTA: sensor-01=85.87% fora de [30.0,80.0]
2026-05-26 16:33:56,102 [INFO] LEITURA sensor-07: 69.92% RTT=0.0ms
2026-05-26 16:33:59,116 [INFO] LEITURA sensor-01: 74.78% RTT=0.0ms
2026-05-26 16:33:59,731 [INFO] LEITURA sensor-07: 45.89% RTT=0.0ms
2026-05-26 16:34:02,164 [INFO] LEITURA sensor-07: 22.56% RTT=0.0ms
2026-05-26 16:34:04,131 [INFO] LEITURA sensor-01: 34.85% RTT=0.0ms
2026-05-26 16:34:05,140 [INFO] LEITURA sensor-07: 76.56% RTT=1.553ms
2026-05-26 16:34:08,162 [INFO] LEITURA sensor-07: 98.8% RTT=0.0ms
2026-05-26 16:34:08,162 [WARNING] ALERTA: sensor-07=98.8% fora de [0.0,90.0]
2026-05-26 16:34:09,069 [INFO] LEITURA sensor-01: 68.28% RTT=0.0ms
2026-05-26 16:34:11,115 [INFO] LEITURA sensor-07: 18.72% RTT=0.0ms
2026-05-26 16:34:14,188 [INFO] LEITURA sensor-01: 68.84% RTT=0.0ms
2026-05-26 16:34:14,198 [INFO] LEITURA sensor-07: 68.88% RTT=0.0ms
2026-05-26 16:34:17,126 [INFO] LEITURA sensor-07: 23.64% RTT=0.0ms
2026-05-26 16:34:19,172 [INFO] LEITURA sensor-01: 30.74% RTT=0.0ms
2026-05-26 16:34:20,610 [INFO] LEITURA sensor-07: 40.13% RTT=0.0ms
2026-05-26 16:34:23,203 [INFO] LEITURA sensor-07: 113.08% RTT=1.65ms
2026-05-26 16:34:23,203 [WARNING] ALERTA: sensor-07=113.08% fora de [0.0,90.0]
2026-05-26 16:34:24,174 [INFO] LEITURA sensor-01: 94.44% RTT=0.0ms
2026-05-26 16:34:24,174 [WARNING] ALERTA: sensor-01=94.44% fora de [30.0,80.0]
2026-05-26 16:34:26,217 [INFO] LEITURA sensor-07: 48.65% RTT=0.0ms
2026-05-26 16:34:29,161 [INFO] LEITURA sensor-01: 55.76% RTT=0.0ms
2026-05-26 16:34:35,189 [INFO] LEITURA sensor-01: 14.0% RTT=0.0ms
2026-05-26 16:34:35,189 [WARNING] ALERTA: sensor-01=14.0% fora de [30.0,80.0]
2026-05-26 16:34:35,822 [INFO] LEITURA sensor-01: 14.0% RTT=0.0ms
2026-05-26 16:34:35,826 [WARNING] ALERTA: sensor-01=14.0% fora de [30.0,80.0]
2026-05-26 16:34:35,969 [INFO] LEITURA sensor-01: 14.0% RTT=0.0ms
2026-05-26 16:34:35,969 [WARNING] ALERTA: sensor-01=14.0% fora de [30.0,80.0]
2026-05-26 16:34:36,232 [INFO] LEITURA sensor-01: 14.0% RTT=0.58ms
2026-05-26 16:34:36,243 [WARNING] ALERTA: sensor-01=14.0% fora de [30.0,80.0]
2026-05-26 16:34:36,341 [INFO] LEITURA sensor-01: 14.0% RTT=0.0ms
2026-05-26 16:34:36,341 [WARNING] ALERTA: sensor-01=14.0% fora de [30.0,80.0]
2026-05-26 16:34:36,434 [INFO] LEITURA sensor-01: 14.0% RTT=0.0ms
2026-05-26 16:34:36,434 [WARNING] ALERTA: sensor-01=14.0% fora de [30.0,80.0]
2026-05-26 16:34:36,566 [INFO] LEITURA sensor-01: 14.0% RTT=0.0ms
2026-05-26 16:34:36,566 [WARNING] ALERTA: sensor-01=14.0% fora de [30.0,80.0]
2026-05-26 16:34:36,821 [INFO] LEITURA sensor-01: 14.0% RTT=0.0ms
2026-05-26 16:34:36,821 [WARNING] ALERTA: sensor-01=14.0% fora de [30.0,80.0]
2026-05-26 16:34:36,901 [INFO] LEITURA sensor-01: 14.0% RTT=0.0ms
2026-05-26 16:34:36,901 [WARNING] ALERTA: sensor-01=14.0% fora de [30.0,80.0]
2026-05-26 16:34:37,051 [INFO] LEITURA sensor-01: 14.0% RTT=0.0ms
2026-05-26 16:34:37,051 [WARNING] ALERTA: sensor-01=14.0% fora de [30.0,80.0]
2026-05-26 16:34:37,202 [INFO] LEITURA sensor-01: 14.0% RTT=0.0ms
2026-05-26 16:34:37,202 [WARNING] ALERTA: sensor-01=14.0% fora de [30.0,80.0]
2026-05-26 16:34:37,362 [INFO] LEITURA sensor-01: 14.0% RTT=0.0ms
2026-05-26 16:34:37,363 [WARNING] ALERTA: sensor-01=14.0% fora de [30.0,80.0]
2026-05-26 16:34:37,617 [INFO] LEITURA sensor-01: 14.0% RTT=0.0ms
2026-05-26 16:34:37,620 [WARNING] ALERTA: sensor-01=14.0% fora de [30.0,80.0]
2026-05-26 16:34:37,715 [INFO] LEITURA sensor-01: 14.0% RTT=0.0ms
2026-05-26 16:34:37,715 [WARNING] ALERTA: sensor-01=14.0% fora de [30.0,80.0]
2026-05-26 16:34:37,954 [INFO] LEITURA sensor-01: 14.0% RTT=0.0ms
2026-05-26 16:34:37,954 [WARNING] ALERTA: sensor-01=14.0% fora de [30.0,80.0]
2026-05-26 16:34:38,056 [INFO] LEITURA sensor-01: 14.0% RTT=0.0ms
2026-05-26 16:34:38,056 [WARNING] ALERTA: sensor-01=14.0% fora de [30.0,80.0]
2026-05-26 16:34:38,209 [INFO] LEITURA sensor-01: 14.0% RTT=0.0ms
2026-05-26 16:34:38,209 [WARNING] ALERTA: sensor-01=14.0% fora de [30.0,80.0]
2026-05-26 16:34:38,369 [INFO] LEITURA sensor-01: 14.0% RTT=0.0ms
2026-05-26 16:34:38,369 [WARNING] ALERTA: sensor-01=14.0% fora de [30.0,80.0]
2026-05-26 16:34:38,608 [INFO] LEITURA sensor-01: 14.0% RTT=0.0ms
2026-05-26 16:34:38,608 [WARNING] ALERTA: sensor-01=14.0% fora de [30.0,80.0]
2026-05-26 16:34:38,798 [INFO] LEITURA sensor-01: 14.0% RTT=0.0ms
2026-05-26 16:34:38,798 [WARNING] ALERTA: sensor-01=14.0% fora de [30.0,80.0]
2026-05-26 16:34:39,183 [INFO] LEITURA sensor-01: 14.0% RTT=0.0ms
2026-05-26 16:34:39,183 [WARNING] ALERTA: sensor-01=14.0% fora de [30.0,80.0]
2026-05-26 16:34:39,377 [INFO] LEITURA sensor-01: 14.0% RTT=0.0ms
2026-05-26 16:34:39,377 [WARNING] ALERTA: sensor-01=14.0% fora de [30.0,80.0]
2026-05-26 16:34:39,532 [INFO] LEITURA sensor-01: 14.0% RTT=0.0ms
2026-05-26 16:34:39,532 [WARNING] ALERTA: sensor-01=14.0% fora de [30.0,80.0]
2026-05-26 16:34:39,691 [INFO] LEITURA sensor-01: 14.0% RTT=0.0ms
2026-05-26 16:34:39,691 [WARNING] ALERTA: sensor-01=14.0% fora de [30.0,80.0]
2026-05-26 16:34:39,850 [INFO] LEITURA sensor-01: 14.0% RTT=0.0ms
2026-05-26 16:34:39,850 [WARNING] ALERTA: sensor-01=14.0% fora de [30.0,80.0]
2026-05-26 16:34:40,011 [INFO] LEITURA sensor-01: 14.0% RTT=0.0ms
2026-05-26 16:34:40,011 [WARNING] ALERTA: sensor-01=14.0% fora de [30.0,80.0]
2026-05-26 16:34:40,169 [INFO] LEITURA sensor-01: 14.0% RTT=1.052ms
2026-05-26 16:34:40,169 [WARNING] ALERTA: sensor-01=14.0% fora de [30.0,80.0]
2026-05-26 16:34:40,407 [INFO] LEITURA sensor-01: 14.0% RTT=0.0ms
2026-05-26 16:34:40,407 [WARNING] ALERTA: sensor-01=14.0% fora de [30.0,80.0]
2026-05-26 16:34:40,583 [INFO] LEITURA sensor-01: 14.0% RTT=0.0ms
2026-05-26 16:34:40,584 [WARNING] ALERTA: sensor-01=14.0% fora de [30.0,80.0]
2026-05-26 16:34:40,738 [INFO] LEITURA sensor-01: 14.0% RTT=0.0ms
2026-05-26 16:34:40,740 [WARNING] ALERTA: sensor-01=14.0% fora de [30.0,80.0]
2026-05-26 16:34:40,903 [INFO] LEITURA sensor-01: 14.0% RTT=0.0ms
2026-05-26 16:34:40,903 [WARNING] ALERTA: sensor-01=14.0% fora de [30.0,80.0]
2026-05-26 16:34:41,071 [INFO] LEITURA sensor-01: 14.0% RTT=0.0ms
2026-05-26 16:34:41,071 [WARNING] ALERTA: sensor-01=14.0% fora de [30.0,80.0]
2026-05-26 16:34:41,487 [INFO] LEITURA sensor-01: 14.0% RTT=0.0ms
2026-05-26 16:34:41,487 [WARNING] ALERTA: sensor-01=14.0% fora de [30.0,80.0]
2026-05-26 16:34:41,726 [INFO] LEITURA sensor-01: 14.0% RTT=0.0ms
2026-05-26 16:34:41,726 [WARNING] ALERTA: sensor-01=14.0% fora de [30.0,80.0]
2026-05-26 16:34:41,837 [INFO] LEITURA sensor-01: 14.0% RTT=0.0ms
2026-05-26 16:34:41,837 [WARNING] ALERTA: sensor-01=14.0% fora de [30.0,80.0]
2026-05-26 16:34:41,918 [INFO] LEITURA sensor-01: 14.0% RTT=0.0ms
2026-05-26 16:34:41,918 [WARNING] ALERTA: sensor-01=14.0% fora de [30.0,80.0]
2026-05-26 16:34:42,030 [INFO] LEITURA sensor-01: 14.0% RTT=0.0ms
2026-05-26 16:34:42,030 [WARNING] ALERTA: sensor-01=14.0% fora de [30.0,80.0]
2026-05-26 16:34:42,172 [INFO] LEITURA sensor-01: 14.0% RTT=0.0ms
2026-05-26 16:34:42,172 [WARNING] ALERTA: sensor-01=14.0% fora de [30.0,80.0]
2026-05-26 16:34:42,348 [INFO] LEITURA sensor-01: 14.0% RTT=0.0ms
2026-05-26 16:34:42,348 [WARNING] ALERTA: sensor-01=14.0% fora de [30.0,80.0]
2026-05-26 16:34:42,538 [INFO] LEITURA sensor-01: 14.0% RTT=0.0ms
2026-05-26 16:34:42,539 [WARNING] ALERTA: sensor-01=14.0% fora de [30.0,80.0]
2026-05-26 16:34:55,336 [INFO] LEITURA sensor-01: 89.98% RTT=0.0ms
2026-05-26 16:34:55,336 [WARNING] ALERTA: sensor-01=89.98% fora de [30.0,80.0]
2026-05-26 16:34:56,473 [INFO] LEITURA sensor-01: 30.73% RTT=0.0ms
2026-05-26 16:34:57,411 [INFO] LEITURA sensor-01: 63.91% RTT=0.0ms
2026-05-26 16:34:58,410 [INFO] LEITURA sensor-01: 36.43% RTT=0.0ms
2026-05-26 16:34:59,461 [INFO] LEITURA sensor-01: 72.46% RTT=0.0ms
2026-05-26 16:35:00,473 [INFO] LEITURA sensor-01: 65.82% RTT=0.0ms
2026-05-26 16:35:01,540 [INFO] LEITURA sensor-01: 35.79% RTT=0.0ms
2026-05-26 16:35:02,480 [INFO] LEITURA sensor-01: 45.24% RTT=0.0ms
2026-05-26 16:35:03,267 [INFO] DESCONEXÃO voluntária: sensor-01
2026-05-26 16:35:03,295 [INFO] DESCONECTADO sensor-01
2026-05-26 16:35:09,340 [INFO] DESCONEXÃO voluntária: sensor-07
2026-05-26 16:35:09,367 [INFO] DESCONECTADO sensor-07
2026-05-26 16:35:25,614 [INFO] HTTP 127.0.0.1 "GET /painel HTTP/1.1" 200 -
2026-05-26 16:35:26,068 [INFO] HTTP 127.0.0.1 "GET /favicon.ico HTTP/1.1" 404 -
2026-05-26 16:35:31,152 [INFO] HTTP 127.0.0.1 "GET /painel HTTP/1.1" 200 -
2026-05-26 16:35:36,280 [INFO] HTTP 127.0.0.1 "GET /painel HTTP/1.1" 200 -
2026-05-26 16:35:41,421 [INFO] HTTP 127.0.0.1 "GET /painel HTTP/1.1" 200 -
2026-05-26 16:35:46,553 [INFO] HTTP 127.0.0.1 "GET /painel HTTP/1.1" 200 -
2026-05-26 16:35:51,678 [INFO] HTTP 127.0.0.1 "GET /painel HTTP/1.1" 200 -
2026-05-26 16:35:56,805 [INFO] HTTP 127.0.0.1 "GET /painel HTTP/1.1" 200 -
2026-05-26 16:36:01,944 [INFO] HTTP 127.0.0.1 "GET /painel HTTP/1.1" 200 -
2026-05-26 16:36:02,728 [INFO] CONECTADO sensor-08 (temperatura) lab='lab-7' addr=('127.0.0.1', 58135)
2026-05-26 16:36:07,078 [INFO] HTTP 127.0.0.1 "GET /painel HTTP/1.1" 200 -
2026-05-26 16:36:08,905 [INFO] LEITURA sensor-08: 13.58°C RTT=0.0ms
2026-05-26 16:36:12,223 [INFO] HTTP 127.0.0.1 "GET /painel HTTP/1.1" 200 -
2026-05-26 16:36:12,632 [INFO] LEITURA sensor-08: 37.73°C RTT=0.0ms
2026-05-26 16:36:12,632 [WARNING] ALERTA: sensor-08=37.73°C fora de [10.0,30.0]
2026-05-26 16:36:12,701 [INFO] LEITURA sensor-08: 18.02°C RTT=0.0ms
2026-05-26 16:36:12,755 [INFO] LEITURA sensor-08: 18.21°C RTT=0.0ms
2026-05-26 16:36:13,048 [INFO] LEITURA sensor-08: 12.06°C RTT=0.0ms
2026-05-26 16:36:14,214 [INFO] LEITURA sensor-08: 16.03°C RTT=2.013ms
2026-05-26 16:36:15,332 [INFO] LEITURA sensor-08: 19.75°C RTT=0.0ms
2026-05-26 16:36:16,369 [INFO] LEITURA sensor-08: 23.48°C RTT=0.0ms
2026-05-26 16:36:17,398 [INFO] LEITURA sensor-08: 13.82°C RTT=2.019ms
2026-05-26 16:36:17,414 [INFO] HTTP 127.0.0.1 "GET /painel HTTP/1.1" 200 -
2026-05-26 16:36:18,406 [INFO] LEITURA sensor-08: 11.47°C RTT=0.0ms
2026-05-26 16:36:19,414 [INFO] LEITURA sensor-08: 17.49°C RTT=0.0ms
2026-05-26 16:36:20,372 [INFO] LEITURA sensor-08: 23.23°C RTT=0.0ms
2026-05-26 16:36:21,454 [INFO] LEITURA sensor-08: 12.8°C RTT=0.0ms
2026-05-26 16:36:22,381 [INFO] LEITURA sensor-08: 13.78°C RTT=0.0ms
2026-05-26 16:36:22,520 [INFO] HTTP 127.0.0.1 "GET /painel HTTP/1.1" 200 -
2026-05-26 16:36:23,437 [INFO] LEITURA sensor-08: 16.63°C RTT=2.284ms
2026-05-26 16:36:24,455 [INFO] LEITURA sensor-08: 35.11°C RTT=0.0ms
2026-05-26 16:36:24,455 [WARNING] ALERTA: sensor-08=35.11°C fora de [10.0,30.0]
2026-05-26 16:36:25,477 [INFO] LEITURA sensor-08: 32.37°C RTT=0.0ms
2026-05-26 16:36:25,477 [WARNING] ALERTA: sensor-08=32.37°C fora de [10.0,30.0]
2026-05-26 16:36:26,423 [INFO] LEITURA sensor-08: 10.37°C RTT=0.0ms
2026-05-26 16:36:27,430 [INFO] LEITURA sensor-08: 9.11°C RTT=0.0ms
2026-05-26 16:36:27,430 [WARNING] ALERTA: sensor-08=9.11°C fora de [10.0,30.0]
2026-05-26 16:36:27,678 [INFO] HTTP 127.0.0.1 "GET /painel HTTP/1.1" 200 -
2026-05-26 16:36:28,437 [INFO] LEITURA sensor-08: 36.34°C RTT=1.856ms
2026-05-26 16:36:28,437 [WARNING] ALERTA: sensor-08=36.34°C fora de [10.0,30.0]
2026-05-26 16:36:29,449 [INFO] LEITURA sensor-08: 20.74°C RTT=0.0ms
2026-05-26 16:36:30,459 [INFO] LEITURA sensor-08: 17.5°C RTT=2.018ms
2026-05-26 16:36:31,534 [INFO] LEITURA sensor-08: 10.88°C RTT=0.0ms
2026-05-26 16:36:32,704 [INFO] LEITURA sensor-08: 20.06°C RTT=0.0ms
2026-05-26 16:36:32,845 [INFO] HTTP 127.0.0.1 "GET /painel HTTP/1.1" 200 -
2026-05-26 16:36:33,668 [INFO] LEITURA sensor-08: 13.04°C RTT=0.0ms
2026-05-26 16:36:34,686 [INFO] LEITURA sensor-08: 9.45°C RTT=2.879ms
2026-05-26 16:36:34,686 [WARNING] ALERTA: sensor-08=9.45°C fora de [10.0,30.0]
2026-05-26 16:36:35,688 [INFO] LEITURA sensor-08: 25.92°C RTT=0.0ms
2026-05-26 16:36:36,708 [INFO] LEITURA sensor-08: 26.3°C RTT=0.0ms
2026-05-26 16:36:37,723 [INFO] LEITURA sensor-08: 11.05°C RTT=0.0ms
2026-05-26 16:36:37,955 [INFO] HTTP 127.0.0.1 "GET /painel HTTP/1.1" 200 -
2026-05-26 16:36:38,720 [INFO] LEITURA sensor-08: 16.5°C RTT=0.0ms
2026-05-26 16:36:39,725 [INFO] LEITURA sensor-08: 34.9°C RTT=0.0ms
2026-05-26 16:36:39,725 [WARNING] ALERTA: sensor-08=34.9°C fora de [10.0,30.0]
2026-05-26 16:36:40,746 [INFO] LEITURA sensor-08: 17.72°C RTT=1.621ms
2026-05-26 16:36:41,681 [INFO] LEITURA sensor-08: 12.86°C RTT=0.0ms
2026-05-26 16:36:42,685 [INFO] LEITURA sensor-08: 9.75°C RTT=0.0ms
2026-05-26 16:36:42,685 [WARNING] ALERTA: sensor-08=9.75°C fora de [10.0,30.0]
2026-05-26 16:36:43,065 [INFO] HTTP 127.0.0.1 "GET /painel HTTP/1.1" 200 -
2026-05-26 16:36:43,767 [INFO] LEITURA sensor-08: 26.8°C RTT=0.0ms
2026-05-26 16:36:44,703 [INFO] LEITURA sensor-08: 35.28°C RTT=0.0ms
2026-05-26 16:36:44,703 [WARNING] ALERTA: sensor-08=35.28°C fora de [10.0,30.0]
2026-05-26 16:36:45,762 [INFO] LEITURA sensor-08: 12.19°C RTT=0.0ms
2026-05-26 16:36:46,770 [INFO] LEITURA sensor-08: 32.78°C RTT=0.0ms
2026-05-26 16:36:46,770 [WARNING] ALERTA: sensor-08=32.78°C fora de [10.0,30.0]
2026-05-26 16:36:47,709 [INFO] LEITURA sensor-08: 26.25°C RTT=0.0ms
2026-05-26 16:36:48,208 [INFO] HTTP 127.0.0.1 "GET /painel HTTP/1.1" 200 -
2026-05-26 16:36:48,732 [INFO] LEITURA sensor-08: 17.88°C RTT=0.0ms
2026-05-26 16:36:49,790 [INFO] LEITURA sensor-08: 19.52°C RTT=0.0ms
2026-05-26 16:36:50,844 [INFO] LEITURA sensor-08: 31.8°C RTT=0.0ms
2026-05-26 16:36:50,856 [WARNING] ALERTA: sensor-08=31.8°C fora de [10.0,30.0]
2026-05-26 16:36:51,928 [INFO] LEITURA sensor-08: 9.86°C RTT=0.0ms
2026-05-26 16:36:51,929 [WARNING] ALERTA: sensor-08=9.86°C fora de [10.0,30.0]
2026-05-26 16:36:52,935 [INFO] LEITURA sensor-08: 12.62°C RTT=0.0ms
2026-05-26 16:36:53,338 [INFO] HTTP 127.0.0.1 "GET /painel HTTP/1.1" 200 -
2026-05-26 16:36:53,935 [INFO] LEITURA sensor-08: 38.67°C RTT=0.0ms
2026-05-26 16:36:53,935 [WARNING] ALERTA: sensor-08=38.67°C fora de [10.0,30.0]
2026-05-26 16:36:54,938 [INFO] LEITURA sensor-08: 27.82°C RTT=0.0ms
2026-05-26 16:36:55,945 [INFO] LEITURA sensor-08: 37.12°C RTT=0.0ms
2026-05-26 16:36:55,945 [WARNING] ALERTA: sensor-08=37.12°C fora de [10.0,30.0]
2026-05-26 16:36:56,963 [INFO] LEITURA sensor-08: 25.06°C RTT=0.0ms
2026-05-26 16:36:57,978 [INFO] LEITURA sensor-08: 26.85°C RTT=0.0ms
2026-05-26 16:36:58,450 [INFO] HTTP 127.0.0.1 "GET /painel HTTP/1.1" 200 -
2026-05-26 16:36:58,962 [INFO] LEITURA sensor-08: 38.78°C RTT=0.0ms
2026-05-26 16:36:58,962 [WARNING] ALERTA: sensor-08=38.78°C fora de [10.0,30.0]
2026-05-26 16:36:59,994 [INFO] LEITURA sensor-08: 10.72°C RTT=0.0ms
2026-05-26 16:37:00,957 [INFO] LEITURA sensor-08: 26.96°C RTT=0.507ms
2026-05-26 16:37:01,953 [INFO] LEITURA sensor-08: 22.35°C RTT=0.0ms
2026-05-26 16:37:02,954 [INFO] LEITURA sensor-08: 33.45°C RTT=0.0ms
2026-05-26 16:37:02,954 [WARNING] ALERTA: sensor-08=33.45°C fora de [10.0,30.0]
2026-05-26 16:37:03,567 [INFO] HTTP 127.0.0.1 "GET /painel HTTP/1.1" 200 -
2026-05-26 16:37:03,980 [INFO] LEITURA sensor-08: 32.84°C RTT=0.0ms
2026-05-26 16:37:03,980 [WARNING] ALERTA: sensor-08=32.84°C fora de [10.0,30.0]
2026-05-26 16:37:05,046 [INFO] LEITURA sensor-08: 21.33°C RTT=0.0ms
2026-05-26 16:37:06,051 [INFO] LEITURA sensor-08: 26.79°C RTT=0.0ms
2026-05-26 16:37:06,991 [INFO] LEITURA sensor-08: 34.69°C RTT=0.0ms
2026-05-26 16:37:06,991 [WARNING] ALERTA: sensor-08=34.69°C fora de [10.0,30.0]
2026-05-26 16:37:08,067 [INFO] LEITURA sensor-08: 10.52°C RTT=0.0ms
2026-05-26 16:37:08,691 [INFO] HTTP 127.0.0.1 "GET /painel HTTP/1.1" 200 -
2026-05-26 16:37:09,013 [INFO] LEITURA sensor-08: 35.86°C RTT=2.252ms
2026-05-26 16:37:09,013 [WARNING] ALERTA: sensor-08=35.86°C fora de [10.0,30.0]
2026-05-26 16:37:10,078 [INFO] LEITURA sensor-08: 26.5°C RTT=0.928ms
2026-05-26 16:37:11,082 [INFO] LEITURA sensor-08: 11.77°C RTT=0.0ms
2026-05-26 16:37:12,096 [INFO] LEITURA sensor-08: 11.02°C RTT=0.0ms
2026-05-26 16:37:12,335 [INFO] CONECTADO sensor-06 (cpu) lab='lab-3' addr=('127.0.0.1', 49161)
2026-05-26 16:37:13,054 [INFO] LEITURA sensor-08: 13.14°C RTT=0.0ms
2026-05-26 16:37:13,956 [INFO] HTTP 127.0.0.1 "GET /painel HTTP/1.1" 200 -
2026-05-26 16:37:14,054 [INFO] LEITURA sensor-08: 21.91°C RTT=0.0ms
2026-05-26 16:37:15,068 [INFO] LEITURA sensor-08: 24.8°C RTT=0.0ms
2026-05-26 16:37:15,666 [INFO] LEITURA sensor-06: 1.38% RTT=0.0ms
2026-05-26 16:37:16,127 [INFO] LEITURA sensor-08: 14.99°C RTT=0.0ms
2026-05-26 16:37:17,130 [INFO] LEITURA sensor-08: 10.75°C RTT=0.0ms
2026-05-26 16:37:17,773 [INFO] LEITURA sensor-06: 47.51% RTT=0.0ms
2026-05-26 16:37:18,154 [INFO] LEITURA sensor-08: 38.83°C RTT=0.0ms
2026-05-26 16:37:18,154 [WARNING] ALERTA: sensor-08=38.83°C fora de [10.0,30.0]
2026-05-26 16:37:19,056 [INFO] HTTP 127.0.0.1 "GET /painel HTTP/1.1" 200 -
2026-05-26 16:37:19,237 [INFO] LEITURA sensor-08: 16.65°C RTT=2.719ms
2026-05-26 16:37:19,716 [INFO] LEITURA sensor-06: 79.51% RTT=0.0ms
2026-05-26 16:37:20,248 [INFO] LEITURA sensor-08: 37.04°C RTT=0.0ms
2026-05-26 16:37:20,252 [WARNING] ALERTA: sensor-08=37.04°C fora de [10.0,30.0]
2026-05-26 16:37:21,253 [INFO] LEITURA sensor-08: 26.32°C RTT=0.0ms
2026-05-26 16:37:21,799 [INFO] LEITURA sensor-06: 39.02% RTT=0.0ms
2026-05-26 16:37:22,328 [INFO] LEITURA sensor-08: 11.99°C RTT=0.0ms
2026-05-26 16:37:23,317 [INFO] LEITURA sensor-08: 23.81°C RTT=0.0ms
2026-05-26 16:37:23,736 [INFO] LEITURA sensor-06: 77.08% RTT=0.0ms
2026-05-26 16:37:24,143 [INFO] HTTP 127.0.0.1 "GET /painel HTTP/1.1" 200 -
2026-05-26 16:37:24,354 [INFO] LEITURA sensor-08: 22.34°C RTT=0.0ms
2026-05-26 16:37:25,336 [INFO] LEITURA sensor-08: 9.68°C RTT=0.0ms
2026-05-26 16:37:25,336 [WARNING] ALERTA: sensor-08=9.68°C fora de [10.0,30.0]
2026-05-26 16:37:25,807 [INFO] LEITURA sensor-06: 55.08% RTT=2.12ms
2026-05-26 16:37:26,363 [INFO] LEITURA sensor-08: 12.59°C RTT=0.0ms
2026-05-26 16:37:27,332 [INFO] LEITURA sensor-08: 26.27°C RTT=0.0ms
2026-05-26 16:37:27,812 [INFO] LEITURA sensor-06: 73.28% RTT=0.0ms
2026-05-26 16:37:28,377 [INFO] LEITURA sensor-08: 27.12°C RTT=3.668ms
2026-05-26 16:37:29,254 [INFO] HTTP 127.0.0.1 "GET /painel HTTP/1.1" 200 -
2026-05-26 16:37:29,389 [INFO] LEITURA sensor-08: 13.8°C RTT=2.019ms
2026-05-26 16:37:29,939 [INFO] LEITURA sensor-06: 8.64% RTT=0.0ms
2026-05-26 16:37:30,363 [INFO] LEITURA sensor-08: 17.57°C RTT=0.0ms
2026-05-26 16:37:31,310 [INFO] LEITURA sensor-08: 21.23°C RTT=0.0ms
2026-05-26 16:37:31,870 [INFO] LEITURA sensor-06: 112.25% RTT=0.0ms
2026-05-26 16:37:31,870 [WARNING] ALERTA: sensor-06=112.25% fora de [0.0,90.0]
2026-05-26 16:37:32,317 [INFO] LEITURA sensor-08: 27.37°C RTT=0.0ms
2026-05-26 16:37:33,378 [INFO] LEITURA sensor-08: 12.2°C RTT=0.0ms
2026-05-26 16:37:34,179 [INFO] LEITURA sensor-06: 4.66% RTT=0.0ms
2026-05-26 16:37:34,381 [INFO] LEITURA sensor-08: 18.09°C RTT=0.0ms
2026-05-26 16:37:34,401 [INFO] HTTP 127.0.0.1 "GET /painel HTTP/1.1" 200 -
2026-05-26 16:37:35,409 [INFO] LEITURA sensor-08: 37.11°C RTT=0.0ms
2026-05-26 16:37:35,409 [WARNING] ALERTA: sensor-08=37.11°C fora de [10.0,30.0]
2026-05-26 16:37:35,983 [INFO] LEITURA sensor-06: 81.4% RTT=0.0ms
2026-05-26 16:37:36,402 [INFO] LEITURA sensor-08: 38.33°C RTT=0.0ms
2026-05-26 16:37:36,414 [WARNING] ALERTA: sensor-08=38.33°C fora de [10.0,30.0]
2026-05-26 16:37:37,410 [INFO] LEITURA sensor-08: 36.73°C RTT=0.0ms
2026-05-26 16:37:37,410 [WARNING] ALERTA: sensor-08=36.73°C fora de [10.0,30.0]
2026-05-26 16:37:37,982 [INFO] LEITURA sensor-06: 84.33% RTT=0.0ms
2026-05-26 16:37:38,350 [INFO] LEITURA sensor-08: 35.46°C RTT=0.0ms
2026-05-26 16:37:38,350 [WARNING] ALERTA: sensor-08=35.46°C fora de [10.0,30.0]
2026-05-26 16:37:39,415 [INFO] LEITURA sensor-08: 10.97°C RTT=0.0ms
2026-05-26 16:37:39,509 [INFO] HTTP 127.0.0.1 "GET /painel HTTP/1.1" 200 -
2026-05-26 16:37:39,984 [INFO] LEITURA sensor-06: 25.68% RTT=2.018ms
2026-05-26 16:37:40,360 [INFO] LEITURA sensor-08: 27.19°C RTT=0.0ms
2026-05-26 16:37:41,402 [INFO] LEITURA sensor-08: 27.07°C RTT=0.0ms
2026-05-26 16:37:42,061 [INFO] LEITURA sensor-06: 62.75% RTT=3.43ms
2026-05-26 16:37:42,446 [INFO] LEITURA sensor-08: 26.16°C RTT=1.101ms
2026-05-26 16:37:43,464 [INFO] LEITURA sensor-08: 31.94°C RTT=0.0ms
2026-05-26 16:37:43,464 [WARNING] ALERTA: sensor-08=31.94°C fora de [10.0,30.0]
2026-05-26 16:37:44,113 [INFO] LEITURA sensor-06: 47.33% RTT=0.0ms
2026-05-26 16:37:44,420 [INFO] LEITURA sensor-08: 9.94°C RTT=0.0ms
2026-05-26 16:37:44,425 [WARNING] ALERTA: sensor-08=9.94°C fora de [10.0,30.0]
2026-05-26 16:37:44,638 [INFO] HTTP 127.0.0.1 "GET /painel HTTP/1.1" 200 -
2026-05-26 16:37:45,400 [INFO] LEITURA sensor-08: 15.42°C RTT=0.0ms
2026-05-26 16:37:46,113 [INFO] LEITURA sensor-06: 9.71% RTT=0.0ms
2026-05-26 16:37:46,407 [INFO] LEITURA sensor-08: 25.68°C RTT=0.0ms
2026-05-26 16:37:47,530 [INFO] LEITURA sensor-08: 17.93°C RTT=0.0ms
2026-05-26 16:37:48,106 [INFO] LEITURA sensor-06: 50.01% RTT=1.68ms
2026-05-26 16:37:48,468 [INFO] LEITURA sensor-08: 35.32°C RTT=0.0ms
2026-05-26 16:37:48,468 [WARNING] ALERTA: sensor-08=35.32°C fora de [10.0,30.0]
2026-05-26 16:37:49,477 [INFO] LEITURA sensor-08: 16.16°C RTT=0.0ms
2026-05-26 16:37:49,771 [INFO] HTTP 127.0.0.1 "GET /painel HTTP/1.1" 200 -
2026-05-26 16:37:50,063 [INFO] LEITURA sensor-06: 16.73% RTT=0.0ms
2026-05-26 16:37:50,478 [INFO] LEITURA sensor-08: 21.0°C RTT=0.0ms
2026-05-26 16:37:51,480 [INFO] LEITURA sensor-08: 16.35°C RTT=0.0ms
2026-05-26 16:37:52,107 [INFO] LEITURA sensor-06: 79.89% RTT=0.0ms
2026-05-26 16:37:52,571 [INFO] LEITURA sensor-08: 34.29°C RTT=0.0ms
2026-05-26 16:37:52,581 [WARNING] ALERTA: sensor-08=34.29°C fora de [10.0,30.0]
2026-05-26 16:37:53,548 [INFO] LEITURA sensor-08: 11.52°C RTT=0.0ms
2026-05-26 16:37:54,071 [INFO] LEITURA sensor-06: 65.77% RTT=0.0ms
2026-05-26 16:37:54,556 [INFO] LEITURA sensor-08: 18.25°C RTT=0.0ms
2026-05-26 16:37:54,951 [INFO] HTTP 127.0.0.1 "GET /painel HTTP/1.1" 200 -
2026-05-26 16:37:55,676 [INFO] LEITURA sensor-08: 34.93°C RTT=0.0ms
2026-05-26 16:37:55,676 [WARNING] ALERTA: sensor-08=34.93°C fora de [10.0,30.0]
2026-05-26 16:37:56,203 [INFO] LEITURA sensor-06: 29.72% RTT=0.0ms
2026-05-26 16:37:56,626 [INFO] LEITURA sensor-08: 14.14°C RTT=0.0ms
2026-05-26 16:37:57,687 [INFO] LEITURA sensor-08: 20.38°C RTT=0.0ms
2026-05-26 16:37:58,145 [INFO] LEITURA sensor-06: 42.92% RTT=0.0ms
2026-05-26 16:37:58,733 [INFO] LEITURA sensor-08: 9.26°C RTT=0.0ms
2026-05-26 16:37:58,733 [WARNING] ALERTA: sensor-08=9.26°C fora de [10.0,30.0]
2026-05-26 16:37:59,745 [INFO] LEITURA sensor-08: 22.8°C RTT=0.0ms
2026-05-26 16:38:00,078 [INFO] HTTP 127.0.0.1 "GET /painel HTTP/1.1" 200 -
2026-05-26 16:38:00,150 [INFO] LEITURA sensor-06: 11.25% RTT=0.0ms
2026-05-26 16:38:00,890 [INFO] LEITURA sensor-08: 23.93°C RTT=0.0ms
2026-05-26 16:38:01,828 [INFO] LEITURA sensor-08: 17.6°C RTT=0.0ms
2026-05-26 16:38:02,160 [INFO] LEITURA sensor-06: 40.7% RTT=0.0ms
2026-05-26 16:38:02,837 [INFO] LEITURA sensor-08: 38.28°C RTT=2.829ms
2026-05-26 16:38:02,837 [WARNING] ALERTA: sensor-08=38.28°C fora de [10.0,30.0]
2026-05-26 16:38:03,834 [INFO] LEITURA sensor-08: 12.71°C RTT=0.0ms
2026-05-26 16:38:04,157 [INFO] LEITURA sensor-06: 10.66% RTT=0.0ms
2026-05-26 16:38:04,842 [INFO] LEITURA sensor-08: 12.26°C RTT=0.0ms
2026-05-26 16:38:05,190 [INFO] HTTP 127.0.0.1 "GET /painel HTTP/1.1" 200 -
2026-05-26 16:38:05,891 [INFO] LEITURA sensor-08: 12.65°C RTT=0.93ms
2026-05-26 16:38:06,158 [INFO] LEITURA sensor-06: 27.08% RTT=0.0ms
2026-05-26 16:38:06,926 [INFO] LEITURA sensor-08: 23.39°C RTT=1.73ms
2026-05-26 16:38:07,980 [INFO] LEITURA sensor-08: 24.67°C RTT=0.0ms
2026-05-26 16:38:08,226 [INFO] LEITURA sensor-06: 71.38% RTT=0.0ms
2026-05-26 16:38:08,983 [INFO] LEITURA sensor-08: 33.29°C RTT=0.0ms
2026-05-26 16:38:08,983 [WARNING] ALERTA: sensor-08=33.29°C fora de [10.0,30.0]
2026-05-26 16:38:10,207 [INFO] LEITURA sensor-08: 31.67°C RTT=0.0ms
2026-05-26 16:38:10,210 [WARNING] ALERTA: sensor-08=31.67°C fora de [10.0,30.0]
2026-05-26 16:38:10,271 [INFO] LEITURA sensor-06: 40.23% RTT=0.0ms
2026-05-26 16:38:10,333 [INFO] HTTP 127.0.0.1 "GET /painel HTTP/1.1" 200 -
2026-05-26 16:38:11,134 [INFO] LEITURA sensor-08: 25.68°C RTT=0.0ms
2026-05-26 16:38:12,127 [INFO] LEITURA sensor-08: 24.01°C RTT=1.65ms
2026-05-26 16:38:12,201 [INFO] LEITURA sensor-06: 40.77% RTT=0.0ms
2026-05-26 16:38:13,087 [INFO] LEITURA sensor-08: 12.56°C RTT=0.0ms
2026-05-26 16:38:14,168 [INFO] LEITURA sensor-08: 36.43°C RTT=0.0ms
2026-05-26 16:38:14,168 [WARNING] ALERTA: sensor-08=36.43°C fora de [10.0,30.0]
2026-05-26 16:38:14,215 [INFO] LEITURA sensor-06: 66.59% RTT=0.0ms
2026-05-26 16:38:15,305 [INFO] LEITURA sensor-08: 17.41°C RTT=0.0ms
2026-05-26 16:38:15,465 [INFO] HTTP 127.0.0.1 "GET /painel HTTP/1.1" 200 -
2026-05-26 16:38:16,225 [INFO] LEITURA sensor-06: 108.39% RTT=0.0ms
2026-05-26 16:38:16,225 [WARNING] ALERTA: sensor-06=108.39% fora de [0.0,90.0]
2026-05-26 16:38:16,279 [INFO] LEITURA sensor-08: 14.92°C RTT=0.0ms
2026-05-26 16:38:17,328 [INFO] LEITURA sensor-08: 15.62°C RTT=0.0ms
2026-05-26 16:38:18,335 [INFO] LEITURA sensor-08: 18.63°C RTT=0.0ms
2026-05-26 16:38:18,355 [INFO] LEITURA sensor-06: 40.19% RTT=0.0ms
2026-05-26 16:38:19,341 [INFO] LEITURA sensor-08: 24.09°C RTT=0.0ms
2026-05-26 16:38:20,240 [INFO] LEITURA sensor-06: 6.25% RTT=0.0ms
2026-05-26 16:38:20,287 [INFO] LEITURA sensor-08: 9.52°C RTT=0.0ms
2026-05-26 16:38:20,287 [WARNING] ALERTA: sensor-08=9.52°C fora de [10.0,30.0]
2026-05-26 16:38:20,598 [INFO] HTTP 127.0.0.1 "GET /painel HTTP/1.1" 200 -
2026-05-26 16:38:21,296 [INFO] LEITURA sensor-08: 22.0°C RTT=0.0ms
2026-05-26 16:38:22,242 [INFO] LEITURA sensor-06: 58.24% RTT=0.0ms
2026-05-26 16:38:22,307 [INFO] LEITURA sensor-08: 23.68°C RTT=0.0ms
2026-05-26 16:38:23,379 [INFO] LEITURA sensor-08: 35.11°C RTT=0.0ms
2026-05-26 16:38:23,379 [WARNING] ALERTA: sensor-08=35.11°C fora de [10.0,30.0]
2026-05-26 16:38:24,318 [INFO] LEITURA sensor-06: 104.17% RTT=0.0ms
2026-05-26 16:38:24,318 [WARNING] ALERTA: sensor-06=104.17% fora de [0.0,90.0]
2026-05-26 16:38:24,450 [INFO] LEITURA sensor-08: 27.83°C RTT=0.0ms
2026-05-26 16:38:25,481 [INFO] LEITURA sensor-08: 26.28°C RTT=0.0ms
2026-05-26 16:38:25,712 [INFO] HTTP 127.0.0.1 "GET /painel HTTP/1.1" 200 -
2026-05-26 16:38:26,317 [INFO] LEITURA sensor-06: 109.14% RTT=0.0ms
2026-05-26 16:38:26,317 [WARNING] ALERTA: sensor-06=109.14% fora de [0.0,90.0]
2026-05-26 16:38:26,467 [INFO] LEITURA sensor-08: 12.18°C RTT=0.0ms
2026-05-26 16:38:27,542 [INFO] LEITURA sensor-08: 26.02°C RTT=0.0ms
2026-05-26 16:38:28,340 [INFO] LEITURA sensor-06: 112.8% RTT=0.0ms
2026-05-26 16:38:28,341 [WARNING] ALERTA: sensor-06=112.8% fora de [0.0,90.0]
2026-05-26 16:38:28,659 [INFO] LEITURA sensor-08: 34.35°C RTT=0.0ms
2026-05-26 16:38:28,669 [WARNING] ALERTA: sensor-08=34.35°C fora de [10.0,30.0]
2026-05-26 16:38:29,664 [INFO] LEITURA sensor-08: 25.52°C RTT=0.0ms
2026-05-26 16:38:30,342 [INFO] LEITURA sensor-06: 81.88% RTT=0.0ms
2026-05-26 16:38:30,611 [INFO] LEITURA sensor-08: 35.48°C RTT=0.0ms
2026-05-26 16:38:30,611 [WARNING] ALERTA: sensor-08=35.48°C fora de [10.0,30.0]
2026-05-26 16:38:30,930 [INFO] HTTP 127.0.0.1 "GET /painel HTTP/1.1" 200 -
2026-05-26 16:38:31,678 [INFO] LEITURA sensor-08: 9.39°C RTT=2.98ms
2026-05-26 16:38:31,678 [WARNING] ALERTA: sensor-08=9.39°C fora de [10.0,30.0]
2026-05-26 16:38:32,328 [INFO] LEITURA sensor-06: 55.62% RTT=0.0ms
2026-05-26 16:38:32,640 [INFO] LEITURA sensor-08: 13.78°C RTT=0.0ms
2026-05-26 16:38:33,679 [INFO] LEITURA sensor-08: 20.16°C RTT=0.0ms
2026-05-26 16:38:34,351 [INFO] LEITURA sensor-06: 27.85% RTT=0.0ms
2026-05-26 16:38:34,703 [INFO] LEITURA sensor-08: 13.01°C RTT=0.0ms
2026-05-26 16:38:35,700 [INFO] LEITURA sensor-08: 22.83°C RTT=0.0ms
2026-05-26 16:38:36,062 [INFO] HTTP 127.0.0.1 "GET /painel HTTP/1.1" 200 -
2026-05-26 16:38:36,290 [INFO] LEITURA sensor-06: 16.49% RTT=0.0ms
2026-05-26 16:38:36,723 [INFO] LEITURA sensor-08: 9.34°C RTT=0.0ms
2026-05-26 16:38:36,731 [WARNING] ALERTA: sensor-08=9.34°C fora de [10.0,30.0]
2026-05-26 16:38:37,686 [INFO] LEITURA sensor-08: 10.42°C RTT=0.0ms
2026-05-26 16:38:38,355 [INFO] LEITURA sensor-06: 39.0% RTT=0.0ms
2026-05-26 16:38:38,674 [INFO] LEITURA sensor-08: 19.32°C RTT=0.0ms
2026-05-26 16:38:39,740 [INFO] LEITURA sensor-08: 18.77°C RTT=0.0ms
2026-05-26 16:38:40,299 [INFO] LEITURA sensor-06: 0.46% RTT=0.0ms
2026-05-26 16:38:40,747 [INFO] LEITURA sensor-08: 14.93°C RTT=0.0ms
2026-05-26 16:38:41,180 [INFO] HTTP 127.0.0.1 "GET /painel HTTP/1.1" 200 -
2026-05-26 16:38:41,692 [INFO] LEITURA sensor-08: 27.05°C RTT=0.0ms
2026-05-26 16:38:42,374 [INFO] LEITURA sensor-06: 67.4% RTT=0.0ms
2026-05-26 16:38:42,747 [INFO] LEITURA sensor-08: 10.78°C RTT=0.0ms
2026-05-26 16:38:43,878 [INFO] LEITURA sensor-08: 33.46°C RTT=0.0ms
2026-05-26 16:38:43,878 [WARNING] ALERTA: sensor-08=33.46°C fora de [10.0,30.0]
2026-05-26 16:38:44,366 [INFO] LEITURA sensor-06: 23.52% RTT=1.628ms
2026-05-26 16:38:44,883 [INFO] LEITURA sensor-08: 25.55°C RTT=0.0ms
2026-05-26 16:38:45,827 [INFO] LEITURA sensor-08: 13.99°C RTT=0.0ms
2026-05-26 16:38:46,307 [INFO] LEITURA sensor-06: 34.58% RTT=0.0ms
2026-05-26 16:38:46,330 [INFO] HTTP 127.0.0.1 "GET /painel HTTP/1.1" 200 -
2026-05-26 16:38:46,844 [INFO] LEITURA sensor-08: 10.46°C RTT=0.0ms
2026-05-26 16:38:47,918 [INFO] LEITURA sensor-08: 11.89°C RTT=0.0ms
2026-05-26 16:38:48,334 [INFO] LEITURA sensor-06: 32.1% RTT=0.0ms
2026-05-26 16:38:48,859 [INFO] LEITURA sensor-08: 10.97°C RTT=0.0ms
2026-05-26 16:38:49,870 [INFO] LEITURA sensor-08: 9.57°C RTT=0.0ms
2026-05-26 16:38:49,879 [WARNING] ALERTA: sensor-08=9.57°C fora de [10.0,30.0]
2026-05-26 16:38:50,404 [INFO] LEITURA sensor-06: 52.25% RTT=0.0ms
2026-05-26 16:38:51,007 [INFO] LEITURA sensor-08: 14.77°C RTT=0.0ms
2026-05-26 16:38:51,441 [INFO] HTTP 127.0.0.1 "GET /painel HTTP/1.1" 200 -
2026-05-26 16:38:51,955 [INFO] LEITURA sensor-08: 14.17°C RTT=0.0ms
2026-05-26 16:38:52,405 [INFO] LEITURA sensor-06: 99.53% RTT=0.0ms
2026-05-26 16:38:52,405 [WARNING] ALERTA: sensor-06=99.53% fora de [0.0,90.0]
2026-05-26 16:38:52,961 [INFO] LEITURA sensor-08: 25.95°C RTT=0.0ms
2026-05-26 16:38:54,057 [INFO] LEITURA sensor-08: 13.26°C RTT=0.574ms
2026-05-26 16:38:54,348 [INFO] LEITURA sensor-06: 59.06% RTT=0.0ms
2026-05-26 16:38:55,080 [INFO] LEITURA sensor-08: 21.45°C RTT=1.143ms
2026-05-26 16:38:56,095 [INFO] LEITURA sensor-08: 12.05°C RTT=0.0ms
2026-05-26 16:38:56,351 [INFO] LEITURA sensor-06: 26.83% RTT=0.0ms
2026-05-26 16:38:56,628 [INFO] HTTP 127.0.0.1 "GET /painel HTTP/1.1" 200 -
2026-05-26 16:38:57,114 [INFO] LEITURA sensor-08: 36.64°C RTT=0.0ms
2026-05-26 16:38:57,114 [WARNING] ALERTA: sensor-08=36.64°C fora de [10.0,30.0]
2026-05-26 16:38:58,048 [INFO] LEITURA sensor-08: 10.17°C RTT=0.0ms
2026-05-26 16:38:58,382 [INFO] LEITURA sensor-06: 41.59% RTT=0.0ms
2026-05-26 16:38:59,049 [INFO] LEITURA sensor-08: 14.29°C RTT=0.0ms
2026-05-26 16:39:00,068 [INFO] LEITURA sensor-08: 22.28°C RTT=0.0ms
2026-05-26 16:39:00,443 [INFO] LEITURA sensor-06: 52.84% RTT=0.0ms
2026-05-26 16:39:01,186 [INFO] LEITURA sensor-08: 17.27°C RTT=0.0ms
2026-05-26 16:39:01,746 [INFO] HTTP 127.0.0.1 "GET /painel HTTP/1.1" 200 -
2026-05-26 16:39:02,123 [INFO] LEITURA sensor-08: 13.1°C RTT=2.901ms
2026-05-26 16:39:02,379 [INFO] LEITURA sensor-06: 33.85% RTT=0.0ms
2026-05-26 16:39:03,143 [INFO] LEITURA sensor-08: 10.02°C RTT=0.0ms
2026-05-26 16:39:04,193 [INFO] LEITURA sensor-08: 10.48°C RTT=0.0ms
2026-05-26 16:39:04,391 [INFO] LEITURA sensor-06: 97.77% RTT=2.018ms
2026-05-26 16:39:04,391 [WARNING] ALERTA: sensor-06=97.77% fora de [0.0,90.0]
2026-05-26 16:39:05,222 [INFO] LEITURA sensor-08: 9.91°C RTT=0.0ms
2026-05-26 16:39:05,222 [WARNING] ALERTA: sensor-08=9.91°C fora de [10.0,30.0]
2026-05-26 16:39:06,208 [INFO] LEITURA sensor-08: 38.49°C RTT=0.0ms
2026-05-26 16:39:06,208 [WARNING] ALERTA: sensor-08=38.49°C fora de [10.0,30.0]
2026-05-26 16:39:06,400 [INFO] LEITURA sensor-06: 106.84% RTT=0.0ms
2026-05-26 16:39:06,400 [WARNING] ALERTA: sensor-06=106.84% fora de [0.0,90.0]
2026-05-26 16:39:06,861 [INFO] HTTP 127.0.0.1 "GET /painel HTTP/1.1" 200 -
2026-05-26 16:39:07,287 [INFO] LEITURA sensor-08: 26.51°C RTT=0.0ms
2026-05-26 16:39:08,288 [INFO] LEITURA sensor-08: 25.48°C RTT=0.0ms
2026-05-26 16:39:08,410 [INFO] LEITURA sensor-06: 34.51% RTT=0.0ms
2026-05-26 16:39:09,223 [INFO] LEITURA sensor-08: 25.92°C RTT=0.0ms
2026-05-26 16:39:10,231 [INFO] LEITURA sensor-08: 13.09°C RTT=0.0ms
2026-05-26 16:39:10,425 [INFO] LEITURA sensor-06: 115.08% RTT=4.051ms
2026-05-26 16:39:10,425 [WARNING] ALERTA: sensor-06=115.08% fora de [0.0,90.0]
2026-05-26 16:39:11,234 [INFO] LEITURA sensor-08: 9.19°C RTT=0.0ms
2026-05-26 16:39:11,234 [WARNING] ALERTA: sensor-08=9.19°C fora de [10.0,30.0]
2026-05-26 16:39:11,988 [INFO] HTTP 127.0.0.1 "GET /painel HTTP/1.1" 200 -
2026-05-26 16:39:12,228 [INFO] LEITURA sensor-08: 19.62°C RTT=0.0ms
2026-05-26 16:39:12,495 [INFO] LEITURA sensor-06: 110.59% RTT=0.0ms
2026-05-26 16:39:12,499 [WARNING] ALERTA: sensor-06=110.59% fora de [0.0,90.0]
2026-05-26 16:39:13,260 [INFO] LEITURA sensor-08: 32.65°C RTT=0.0ms
2026-05-26 16:39:13,260 [WARNING] ALERTA: sensor-08=32.65°C fora de [10.0,30.0]
2026-05-26 16:39:14,340 [INFO] LEITURA sensor-08: 16.24°C RTT=0.0ms
2026-05-26 16:39:14,589 [INFO] LEITURA sensor-06: 31.34% RTT=2.722ms
2026-05-26 16:39:15,350 [INFO] LEITURA sensor-08: 35.54°C RTT=0.0ms
2026-05-26 16:39:15,350 [WARNING] ALERTA: sensor-08=35.54°C fora de [10.0,30.0]
2026-05-26 16:39:16,415 [INFO] LEITURA sensor-08: 12.01°C RTT=0.0ms
2026-05-26 16:39:16,659 [INFO] LEITURA sensor-06: 21.66% RTT=0.0ms
2026-05-26 16:39:17,090 [INFO] HTTP 127.0.0.1 "GET /painel HTTP/1.1" 200 -
2026-05-26 16:39:17,511 [INFO] LEITURA sensor-08: 19.76°C RTT=0.0ms
2026-05-26 16:39:18,482 [INFO] LEITURA sensor-08: 12.54°C RTT=0.0ms
2026-05-26 16:39:18,610 [INFO] LEITURA sensor-06: 99.99% RTT=0.0ms
2026-05-26 16:39:18,610 [WARNING] ALERTA: sensor-06=99.99% fora de [0.0,90.0]
2026-05-26 16:39:19,554 [INFO] LEITURA sensor-08: 32.11°C RTT=0.0ms
2026-05-26 16:39:19,554 [WARNING] ALERTA: sensor-08=32.11°C fora de [10.0,30.0]
2026-05-26 16:39:20,563 [INFO] LEITURA sensor-08: 25.48°C RTT=0.0ms
2026-05-26 16:39:20,673 [INFO] LEITURA sensor-06: 11.98% RTT=0.0ms
2026-05-26 16:39:21,517 [INFO] LEITURA sensor-08: 38.17°C RTT=0.0ms
2026-05-26 16:39:21,517 [WARNING] ALERTA: sensor-08=38.17°C fora de [10.0,30.0]
2026-05-26 16:39:22,225 [INFO] HTTP 127.0.0.1 "GET /painel HTTP/1.1" 200 -
2026-05-26 16:39:22,552 [INFO] LEITURA sensor-08: 24.51°C RTT=0.0ms
2026-05-26 16:39:22,753 [INFO] LEITURA sensor-06: 30.31% RTT=0.0ms
2026-05-26 16:39:23,589 [INFO] LEITURA sensor-08: 26.7°C RTT=0.0ms
2026-05-26 16:39:24,533 [INFO] LEITURA sensor-08: 25.58°C RTT=0.0ms
2026-05-26 16:39:24,693 [INFO] LEITURA sensor-06: 19.79% RTT=0.0ms
2026-05-26 16:39:25,615 [INFO] LEITURA sensor-08: 24.9°C RTT=1.693ms
2026-05-26 16:39:26,564 [INFO] LEITURA sensor-08: 22.31°C RTT=3.639ms
2026-05-26 16:39:26,696 [INFO] LEITURA sensor-06: 30.15% RTT=0.0ms
2026-05-26 16:39:27,339 [INFO] HTTP 127.0.0.1 "GET /painel HTTP/1.1" 200 -
2026-05-26 16:39:27,571 [INFO] LEITURA sensor-08: 10.11°C RTT=0.0ms
2026-05-26 16:39:28,579 [INFO] LEITURA sensor-08: 23.32°C RTT=0.0ms
2026-05-26 16:39:28,709 [INFO] LEITURA sensor-06: 66.46% RTT=0.0ms
2026-05-26 16:39:29,598 [INFO] LEITURA sensor-08: 36.51°C RTT=2.011ms
2026-05-26 16:39:29,598 [WARNING] ALERTA: sensor-08=36.51°C fora de [10.0,30.0]
2026-05-26 16:39:30,665 [INFO] LEITURA sensor-08: 36.5°C RTT=0.0ms
2026-05-26 16:39:30,665 [WARNING] ALERTA: sensor-08=36.5°C fora de [10.0,30.0]
2026-05-26 16:39:30,729 [INFO] LEITURA sensor-06: 95.14% RTT=0.0ms
2026-05-26 16:39:30,730 [WARNING] ALERTA: sensor-06=95.14% fora de [0.0,90.0]
2026-05-26 16:39:31,602 [INFO] LEITURA sensor-08: 14.66°C RTT=0.0ms
2026-05-26 16:39:32,485 [INFO] HTTP 127.0.0.1 "GET /painel HTTP/1.1" 200 -
2026-05-26 16:39:32,630 [INFO] LEITURA sensor-08: 38.0°C RTT=0.0ms
2026-05-26 16:39:32,636 [WARNING] ALERTA: sensor-08=38.0°C fora de [10.0,30.0]
2026-05-26 16:39:32,720 [INFO] LEITURA sensor-06: 80.76% RTT=0.0ms
2026-05-26 16:39:33,715 [INFO] LEITURA sensor-08: 23.42°C RTT=0.0ms
2026-05-26 16:39:34,731 [INFO] LEITURA sensor-06: 83.99% RTT=0.0ms
2026-05-26 16:39:34,756 [INFO] LEITURA sensor-08: 20.05°C RTT=0.0ms
2026-05-26 16:39:35,738 [INFO] LEITURA sensor-08: 22.69°C RTT=0.0ms
2026-05-26 16:39:36,810 [INFO] LEITURA sensor-06: 9.99% RTT=1.691ms
2026-05-26 16:39:36,819 [INFO] LEITURA sensor-08: 23.31°C RTT=0.0ms
2026-05-26 16:39:37,671 [INFO] HTTP 127.0.0.1 "GET /painel HTTP/1.1" 200 -
2026-05-26 16:39:37,755 [INFO] LEITURA sensor-08: 25.85°C RTT=0.0ms
2026-05-26 16:39:38,759 [INFO] LEITURA sensor-08: 12.71°C RTT=2.017ms
2026-05-26 16:39:38,785 [INFO] LEITURA sensor-06: 72.33% RTT=0.0ms
2026-05-26 16:39:39,771 [INFO] LEITURA sensor-08: 19.63°C RTT=0.0ms
2026-05-26 16:39:40,756 [INFO] LEITURA sensor-06: 68.31% RTT=0.0ms
2026-05-26 16:39:40,789 [INFO] LEITURA sensor-08: 14.96°C RTT=0.0ms
2026-05-26 16:39:41,806 [INFO] LEITURA sensor-08: 25.32°C RTT=0.0ms
2026-05-26 16:39:42,758 [INFO] LEITURA sensor-06: 68.11% RTT=0.0ms
2026-05-26 16:39:42,799 [INFO] HTTP 127.0.0.1 "GET /painel HTTP/1.1" 200 -
2026-05-26 16:39:42,835 [INFO] LEITURA sensor-08: 21.03°C RTT=0.0ms
2026-05-26 16:39:43,828 [INFO] LEITURA sensor-08: 14.11°C RTT=0.0ms
2026-05-26 16:39:44,767 [INFO] LEITURA sensor-06: 82.87% RTT=0.0ms
2026-05-26 16:39:44,840 [INFO] LEITURA sensor-08: 25.44°C RTT=0.0ms
2026-05-26 16:39:45,852 [INFO] LEITURA sensor-08: 18.58°C RTT=0.0ms
2026-05-26 16:39:46,760 [INFO] LEITURA sensor-06: 26.48% RTT=0.0ms
2026-05-26 16:39:46,906 [INFO] LEITURA sensor-08: 12.63°C RTT=0.0ms
2026-05-26 16:39:47,909 [INFO] LEITURA sensor-08: 19.74°C RTT=0.0ms
2026-05-26 16:39:47,942 [INFO] HTTP 127.0.0.1 "GET /painel HTTP/1.1" 200 -
2026-05-26 16:39:48,766 [INFO] LEITURA sensor-06: 85.38% RTT=0.0ms
2026-05-26 16:39:49,020 [INFO] LEITURA sensor-08: 17.96°C RTT=2.023ms
2026-05-26 16:39:50,027 [INFO] LEITURA sensor-08: 24.65°C RTT=0.0ms
2026-05-26 16:39:50,848 [INFO] LEITURA sensor-06: 97.58% RTT=0.0ms
2026-05-26 16:39:50,848 [WARNING] ALERTA: sensor-06=97.58% fora de [0.0,90.0]
2026-05-26 16:39:50,967 [INFO] LEITURA sensor-08: 35.54°C RTT=0.0ms
2026-05-26 16:39:50,967 [WARNING] ALERTA: sensor-08=35.54°C fora de [10.0,30.0]
2026-05-26 16:39:52,036 [INFO] LEITURA sensor-08: 22.83°C RTT=0.0ms
2026-05-26 16:39:52,852 [INFO] LEITURA sensor-06: 62.01% RTT=0.0ms
2026-05-26 16:39:53,072 [INFO] LEITURA sensor-08: 9.83°C RTT=0.0ms
2026-05-26 16:39:53,073 [WARNING] ALERTA: sensor-08=9.83°C fora de [10.0,30.0]
2026-05-26 16:39:53,103 [INFO] HTTP 127.0.0.1 "GET /painel HTTP/1.1" 200 -
2026-05-26 16:39:54,001 [INFO] LEITURA sensor-08: 15.94°C RTT=0.0ms
2026-05-26 16:39:54,805 [INFO] LEITURA sensor-06: 107.32% RTT=0.0ms
2026-05-26 16:39:54,805 [WARNING] ALERTA: sensor-06=107.32% fora de [0.0,90.0]
2026-05-26 16:39:55,069 [INFO] LEITURA sensor-08: 10.96°C RTT=0.0ms
2026-05-26 16:39:56,157 [INFO] LEITURA sensor-08: 14.42°C RTT=0.0ms
2026-05-26 16:39:56,879 [INFO] LEITURA sensor-06: 17.1% RTT=0.0ms
2026-05-26 16:39:57,131 [INFO] LEITURA sensor-08: 21.31°C RTT=0.0ms
2026-05-26 16:39:58,120 [INFO] LEITURA sensor-08: 28.5°C RTT=0.0ms
2026-05-26 16:39:58,207 [INFO] HTTP 127.0.0.1 "GET /painel HTTP/1.1" 200 -
2026-05-26 16:39:58,808 [INFO] LEITURA sensor-06: 77.65% RTT=0.0ms
2026-05-26 16:39:59,132 [INFO] LEITURA sensor-08: 38.37°C RTT=0.0ms
2026-05-26 16:39:59,132 [WARNING] ALERTA: sensor-08=38.37°C fora de [10.0,30.0]
2026-05-26 16:40:00,151 [INFO] LEITURA sensor-08: 20.38°C RTT=2.019ms
2026-05-26 16:40:00,834 [INFO] LEITURA sensor-06: 71.65% RTT=2.776ms
2026-05-26 16:40:01,197 [INFO] LEITURA sensor-08: 22.13°C RTT=0.0ms
2026-05-26 16:40:02,211 [INFO] LEITURA sensor-08: 31.51°C RTT=0.0ms
2026-05-26 16:40:02,211 [WARNING] ALERTA: sensor-08=31.51°C fora de [10.0,30.0]
2026-05-26 16:40:02,840 [INFO] LEITURA sensor-06: 73.25% RTT=0.0ms
2026-05-26 16:40:03,226 [INFO] LEITURA sensor-08: 15.05°C RTT=0.0ms
2026-05-26 16:40:03,321 [INFO] HTTP 127.0.0.1 "GET /painel HTTP/1.1" 200 -
2026-05-26 16:40:04,238 [INFO] LEITURA sensor-08: 10.71°C RTT=0.0ms
2026-05-26 16:40:04,855 [INFO] LEITURA sensor-06: 113.39% RTT=0.0ms
2026-05-26 16:40:04,855 [WARNING] ALERTA: sensor-06=113.39% fora de [0.0,90.0]
2026-05-26 16:40:05,234 [INFO] LEITURA sensor-08: 13.21°C RTT=0.0ms
2026-05-26 16:40:06,300 [INFO] LEITURA sensor-08: 15.97°C RTT=0.0ms
2026-05-26 16:40:07,675 [INFO] LEITURA sensor-06: 111.13% RTT=0.0ms
2026-05-26 16:40:07,675 [WARNING] ALERTA: sensor-06=111.13% fora de [0.0,90.0]
2026-05-26 16:40:07,819 [INFO] LEITURA sensor-08: 34.02°C RTT=0.0ms
2026-05-26 16:40:07,819 [WARNING] ALERTA: sensor-08=34.02°C fora de [10.0,30.0]
2026-05-26 16:40:08,419 [INFO] LEITURA sensor-08: 12.14°C RTT=0.0ms
2026-05-26 16:40:08,455 [INFO] HTTP 127.0.0.1 "GET /painel HTTP/1.1" 200 -
2026-05-26 16:40:08,937 [INFO] LEITURA sensor-06: 78.14% RTT=0.0ms
2026-05-26 16:40:09,416 [INFO] LEITURA sensor-08: 20.03°C RTT=0.0ms
2026-05-26 16:40:10,351 [INFO] LEITURA sensor-08: 27.74°C RTT=0.0ms
2026-05-26 16:40:10,945 [INFO] LEITURA sensor-06: 70.39% RTT=0.0ms
2026-05-26 16:40:11,407 [INFO] LEITURA sensor-08: 27.6°C RTT=0.0ms
2026-05-26 16:40:12,475 [INFO] LEITURA sensor-08: 10.27°C RTT=0.0ms
2026-05-26 16:40:12,886 [INFO] LEITURA sensor-06: 78.78% RTT=1.019ms
2026-05-26 16:40:13,489 [INFO] LEITURA sensor-08: 36.09°C RTT=0.0ms
2026-05-26 16:40:13,492 [WARNING] ALERTA: sensor-08=36.09°C fora de [10.0,30.0]
2026-05-26 16:40:13,579 [INFO] HTTP 127.0.0.1 "GET /painel HTTP/1.1" 200 -
2026-05-26 16:40:14,656 [INFO] LEITURA sensor-08: 33.17°C RTT=0.0ms
2026-05-26 16:40:14,656 [WARNING] ALERTA: sensor-08=33.17°C fora de [10.0,30.0]
2026-05-26 16:40:14,959 [INFO] LEITURA sensor-06: 103.4% RTT=0.0ms
2026-05-26 16:40:14,959 [WARNING] ALERTA: sensor-06=103.4% fora de [0.0,90.0]
2026-05-26 16:40:15,984 [INFO] LEITURA sensor-08: 22.03°C RTT=0.0ms
2026-05-26 16:40:16,585 [INFO] LEITURA sensor-08: 31.68°C RTT=0.0ms
2026-05-26 16:40:16,585 [WARNING] ALERTA: sensor-08=31.68°C fora de [10.0,30.0]
2026-05-26 16:40:16,902 [INFO] LEITURA sensor-06: 63.62% RTT=0.0ms
2026-05-26 16:40:17,702 [INFO] LEITURA sensor-08: 9.99°C RTT=1.655ms
2026-05-26 16:40:17,702 [WARNING] ALERTA: sensor-08=9.99°C fora de [10.0,30.0]
2026-05-26 16:40:18,598 [INFO] LEITURA sensor-08: 27.39°C RTT=0.0ms
2026-05-26 16:40:18,686 [INFO] HTTP 127.0.0.1 "GET /painel HTTP/1.1" 200 -
2026-05-26 16:40:18,919 [INFO] LEITURA sensor-06: 72.95% RTT=0.0ms
2026-05-26 16:40:19,720 [INFO] LEITURA sensor-08: 12.49°C RTT=0.0ms
2026-05-26 16:40:20,668 [INFO] LEITURA sensor-08: 10.52°C RTT=0.0ms
2026-05-26 16:40:20,918 [INFO] LEITURA sensor-06: 55.51% RTT=0.0ms
2026-05-26 16:40:21,718 [INFO] LEITURA sensor-08: 11.95°C RTT=0.0ms
2026-05-26 16:40:22,684 [INFO] LEITURA sensor-08: 26.5°C RTT=0.0ms
2026-05-26 16:40:23,016 [INFO] LEITURA sensor-06: 98.43% RTT=0.927ms
2026-05-26 16:40:23,018 [WARNING] ALERTA: sensor-06=98.43% fora de [0.0,90.0]
2026-05-26 16:40:23,704 [INFO] LEITURA sensor-08: 18.08°C RTT=0.0ms
2026-05-26 16:40:23,798 [INFO] HTTP 127.0.0.1 "GET /painel HTTP/1.1" 200 -
2026-05-26 16:40:24,689 [INFO] LEITURA sensor-08: 24.07°C RTT=0.0ms
2026-05-26 16:40:25,043 [INFO] LEITURA sensor-06: 1.68% RTT=0.0ms
2026-05-26 16:40:25,689 [INFO] LEITURA sensor-08: 10.41°C RTT=2.02ms
2026-05-26 16:40:26,743 [INFO] LEITURA sensor-08: 20.66°C RTT=3.297ms
2026-05-26 16:40:27,049 [INFO] LEITURA sensor-06: 73.35% RTT=0.0ms
2026-05-26 16:40:27,815 [INFO] LEITURA sensor-08: 21.52°C RTT=0.0ms
2026-05-26 16:40:28,872 [INFO] LEITURA sensor-08: 22.93°C RTT=0.0ms
2026-05-26 16:40:28,919 [INFO] HTTP 127.0.0.1 "GET /painel HTTP/1.1" 200 -
2026-05-26 16:40:28,989 [INFO] LEITURA sensor-06: 68.37% RTT=0.0ms
2026-05-26 16:40:29,900 [INFO] LEITURA sensor-08: 14.1°C RTT=0.0ms
2026-05-26 16:40:31,065 [INFO] LEITURA sensor-08: 22.63°C RTT=0.0ms
2026-05-26 16:40:31,097 [INFO] LEITURA sensor-06: 108.6% RTT=2.017ms
2026-05-26 16:40:31,097 [WARNING] ALERTA: sensor-06=108.6% fora de [0.0,90.0]
2026-05-26 16:40:31,969 [INFO] LEITURA sensor-08: 26.99°C RTT=0.0ms
2026-05-26 16:40:32,973 [INFO] LEITURA sensor-08: 11.22°C RTT=0.0ms
2026-05-26 16:40:33,005 [INFO] LEITURA sensor-06: 37.23% RTT=0.0ms
2026-05-26 16:40:34,023 [INFO] LEITURA sensor-08: 37.07°C RTT=0.0ms
2026-05-26 16:40:34,023 [WARNING] ALERTA: sensor-08=37.07°C fora de [10.0,30.0]
2026-05-26 16:40:34,051 [INFO] HTTP 127.0.0.1 "GET /painel HTTP/1.1" 200 -
2026-05-26 16:40:35,095 [INFO] LEITURA sensor-06: 102.96% RTT=0.0ms
2026-05-26 16:40:35,111 [WARNING] ALERTA: sensor-06=102.96% fora de [0.0,90.0]
2026-05-26 16:40:35,128 [INFO] LEITURA sensor-08: 11.66°C RTT=0.0ms
2026-05-26 16:40:36,040 [INFO] LEITURA sensor-08: 21.36°C RTT=0.0ms
2026-05-26 16:40:37,020 [INFO] LEITURA sensor-06: 51.71% RTT=0.0ms
2026-05-26 16:40:37,067 [INFO] LEITURA sensor-08: 16.27°C RTT=2.731ms
2026-05-26 16:40:38,070 [INFO] LEITURA sensor-08: 21.08°C RTT=0.0ms
2026-05-26 16:40:39,032 [INFO] LEITURA sensor-06: 11.29% RTT=0.0ms
2026-05-26 16:40:39,076 [INFO] LEITURA sensor-08: 10.28°C RTT=0.0ms
2026-05-26 16:40:39,181 [INFO] HTTP 127.0.0.1 "GET /painel HTTP/1.1" 200 -
2026-05-26 16:40:40,155 [INFO] LEITURA sensor-08: 14.33°C RTT=0.0ms
2026-05-26 16:40:41,139 [INFO] LEITURA sensor-06: 16.03% RTT=0.0ms
2026-05-26 16:40:41,155 [INFO] LEITURA sensor-08: 12.07°C RTT=0.0ms
2026-05-26 16:40:42,137 [INFO] LEITURA sensor-08: 21.1°C RTT=0.0ms
2026-05-26 16:40:43,043 [INFO] LEITURA sensor-06: 74.46% RTT=0.0ms
2026-05-26 16:40:43,139 [INFO] LEITURA sensor-08: 25.01°C RTT=0.0ms
2026-05-26 16:40:44,195 [INFO] LEITURA sensor-08: 13.86°C RTT=0.0ms
2026-05-26 16:40:44,347 [INFO] HTTP 127.0.0.1 "GET /painel HTTP/1.1" 200 -
2026-05-26 16:40:45,101 [INFO] LEITURA sensor-06: 49.21% RTT=0.0ms
2026-05-26 16:40:45,215 [INFO] LEITURA sensor-08: 10.92°C RTT=2.028ms
2026-05-26 16:40:46,272 [INFO] LEITURA sensor-08: 26.45°C RTT=0.0ms
2026-05-26 16:40:47,073 [INFO] LEITURA sensor-06: 58.24% RTT=0.0ms
2026-05-26 16:40:47,326 [INFO] LEITURA sensor-08: 14.41°C RTT=0.0ms
2026-05-26 16:40:48,453 [INFO] LEITURA sensor-08: 10.68°C RTT=0.0ms
2026-05-26 16:40:49,085 [INFO] LEITURA sensor-06: 12.3% RTT=0.0ms
2026-05-26 16:40:49,390 [INFO] LEITURA sensor-08: 22.36°C RTT=0.0ms
2026-05-26 16:40:49,484 [INFO] HTTP 127.0.0.1 "GET /painel HTTP/1.1" 200 -
2026-05-26 16:40:50,398 [INFO] LEITURA sensor-08: 11.23°C RTT=0.0ms
2026-05-26 16:40:51,163 [INFO] LEITURA sensor-06: 62.32% RTT=0.0ms
2026-05-26 16:40:51,468 [INFO] LEITURA sensor-08: 38.83°C RTT=0.0ms
2026-05-26 16:40:51,468 [WARNING] ALERTA: sensor-08=38.83°C fora de [10.0,30.0]
2026-05-26 16:40:52,558 [INFO] LEITURA sensor-08: 38.05°C RTT=0.0ms
2026-05-26 16:40:52,558 [WARNING] ALERTA: sensor-08=38.05°C fora de [10.0,30.0]
2026-05-26 16:40:53,110 [INFO] LEITURA sensor-06: 5.31% RTT=0.0ms
2026-05-26 16:40:53,565 [INFO] LEITURA sensor-08: 11.11°C RTT=0.0ms
2026-05-26 16:40:54,634 [INFO] LEITURA sensor-08: 28.23°C RTT=1.575ms
2026-05-26 16:40:54,649 [INFO] HTTP 127.0.0.1 "GET /painel HTTP/1.1" 200 -
2026-05-26 16:40:55,121 [INFO] LEITURA sensor-06: 27.81% RTT=0.0ms
2026-05-26 16:40:55,567 [INFO] LEITURA sensor-08: 18.24°C RTT=0.0ms
2026-05-26 16:40:56,636 [INFO] LEITURA sensor-08: 16.68°C RTT=0.0ms
2026-05-26 16:40:57,136 [INFO] LEITURA sensor-06: 30.96% RTT=0.0ms
2026-05-26 16:40:57,642 [INFO] LEITURA sensor-08: 14.31°C RTT=0.0ms
2026-05-26 16:40:58,632 [INFO] LEITURA sensor-08: 16.46°C RTT=0.0ms
2026-05-26 16:40:59,143 [INFO] LEITURA sensor-06: 112.71% RTT=0.0ms
2026-05-26 16:40:59,143 [WARNING] ALERTA: sensor-06=112.71% fora de [0.0,90.0]
2026-05-26 16:40:59,587 [INFO] LEITURA sensor-08: 26.97°C RTT=0.0ms
2026-05-26 16:40:59,832 [INFO] HTTP 127.0.0.1 "GET /painel HTTP/1.1" 200 -
2026-05-26 16:41:00,653 [INFO] LEITURA sensor-08: 20.64°C RTT=0.0ms
2026-05-26 16:41:01,149 [INFO] LEITURA sensor-06: 44.9% RTT=0.0ms
2026-05-26 16:41:01,708 [INFO] LEITURA sensor-08: 17.23°C RTT=0.0ms
2026-05-26 16:41:02,719 [INFO] LEITURA sensor-08: 14.68°C RTT=0.0ms
2026-05-26 16:41:03,217 [INFO] LEITURA sensor-06: 71.6% RTT=0.0ms
2026-05-26 16:41:03,830 [INFO] LEITURA sensor-08: 25.65°C RTT=3.167ms
2026-05-26 16:41:04,796 [INFO] LEITURA sensor-08: 28.12°C RTT=0.0ms
2026-05-26 16:41:04,968 [INFO] HTTP 127.0.0.1 "GET /painel HTTP/1.1" 200 -
2026-05-26 16:41:05,163 [INFO] LEITURA sensor-06: 96.16% RTT=0.0ms
2026-05-26 16:41:05,163 [WARNING] ALERTA: sensor-06=96.16% fora de [0.0,90.0]
2026-05-26 16:41:05,788 [INFO] LEITURA sensor-08: 11.57°C RTT=0.0ms
2026-05-26 16:41:06,877 [INFO] LEITURA sensor-08: 24.24°C RTT=0.0ms
2026-05-26 16:41:07,248 [INFO] LEITURA sensor-06: 109.04% RTT=0.0ms
2026-05-26 16:41:07,248 [WARNING] ALERTA: sensor-06=109.04% fora de [0.0,90.0]
2026-05-26 16:41:07,966 [INFO] LEITURA sensor-08: 12.3°C RTT=0.0ms
2026-05-26 16:41:08,931 [INFO] LEITURA sensor-08: 37.41°C RTT=0.0ms
2026-05-26 16:41:08,931 [WARNING] ALERTA: sensor-08=37.41°C fora de [10.0,30.0]
2026-05-26 16:41:09,328 [INFO] LEITURA sensor-06: 46.35% RTT=0.0ms
2026-05-26 16:41:09,928 [INFO] LEITURA sensor-08: 38.92°C RTT=0.0ms
2026-05-26 16:41:09,928 [WARNING] ALERTA: sensor-08=38.92°C fora de [10.0,30.0]
2026-05-26 16:41:10,080 [INFO] HTTP 127.0.0.1 "GET /painel HTTP/1.1" 200 -
2026-05-26 16:41:10,993 [INFO] LEITURA sensor-08: 31.81°C RTT=0.0ms
2026-05-26 16:41:11,002 [WARNING] ALERTA: sensor-08=31.81°C fora de [10.0,30.0]
2026-05-26 16:41:11,265 [INFO] LEITURA sensor-06: 20.39% RTT=0.0ms
2026-05-26 16:41:11,948 [INFO] LEITURA sensor-08: 25.58°C RTT=0.0ms
2026-05-26 16:41:12,950 [INFO] LEITURA sensor-08: 20.91°C RTT=0.0ms
2026-05-26 16:41:13,351 [INFO] LEITURA sensor-06: 57.2% RTT=0.0ms
2026-05-26 16:41:13,996 [INFO] LEITURA sensor-08: 18.97°C RTT=0.0ms
2026-05-26 16:41:15,081 [INFO] LEITURA sensor-08: 11.57°C RTT=0.0ms
2026-05-26 16:41:15,183 [INFO] HTTP 127.0.0.1 "GET /painel HTTP/1.1" 200 -
2026-05-26 16:41:15,365 [INFO] LEITURA sensor-06: 50.53% RTT=0.0ms
2026-05-26 16:41:16,213 [INFO] LEITURA sensor-08: 27.73°C RTT=0.0ms
2026-05-26 16:41:17,142 [INFO] LEITURA sensor-08: 14.86°C RTT=0.0ms
2026-05-26 16:41:17,370 [INFO] LEITURA sensor-06: 104.32% RTT=0.0ms
2026-05-26 16:41:17,370 [WARNING] ALERTA: sensor-06=104.32% fora de [0.0,90.0]
2026-05-26 16:41:18,147 [INFO] LEITURA sensor-08: 18.89°C RTT=0.0ms
2026-05-26 16:41:19,216 [INFO] LEITURA sensor-08: 18.98°C RTT=0.0ms
2026-05-26 16:41:19,323 [INFO] LEITURA sensor-06: 44.03% RTT=0.0ms
2026-05-26 16:41:20,216 [INFO] LEITURA sensor-08: 37.32°C RTT=0.0ms
2026-05-26 16:41:20,218 [WARNING] ALERTA: sensor-08=37.32°C fora de [10.0,30.0]
2026-05-26 16:41:20,298 [INFO] HTTP 127.0.0.1 "GET /painel HTTP/1.1" 200 -
2026-05-26 16:41:21,295 [INFO] LEITURA sensor-08: 32.33°C RTT=0.0ms
2026-05-26 16:41:21,295 [WARNING] ALERTA: sensor-08=32.33°C fora de [10.0,30.0]
2026-05-26 16:41:21,323 [INFO] LEITURA sensor-06: 112.68% RTT=0.0ms
2026-05-26 16:41:21,323 [WARNING] ALERTA: sensor-06=112.68% fora de [0.0,90.0]
2026-05-26 16:41:22,312 [INFO] LEITURA sensor-08: 37.17°C RTT=0.0ms
2026-05-26 16:41:22,312 [WARNING] ALERTA: sensor-08=37.17°C fora de [10.0,30.0]
2026-05-26 16:41:23,419 [INFO] LEITURA sensor-08: 15.06°C RTT=0.0ms
2026-05-26 16:41:23,436 [INFO] LEITURA sensor-06: 2.42% RTT=0.0ms
2026-05-26 16:41:24,317 [INFO] LEITURA sensor-08: 27.23°C RTT=0.0ms
2026-05-26 16:41:25,342 [INFO] LEITURA sensor-08: 23.11°C RTT=0.0ms
2026-05-26 16:41:25,403 [INFO] HTTP 127.0.0.1 "GET /painel HTTP/1.1" 200 -
2026-05-26 16:41:25,479 [INFO] LEITURA sensor-06: 14.83% RTT=0.0ms
2026-05-26 16:41:26,416 [INFO] LEITURA sensor-08: 25.31°C RTT=0.0ms
2026-05-26 16:41:27,593 [INFO] LEITURA sensor-08: 15.02°C RTT=0.0ms
2026-05-26 16:41:27,597 [INFO] LEITURA sensor-06: 98.54% RTT=0.0ms
2026-05-26 16:41:27,613 [WARNING] ALERTA: sensor-06=98.54% fora de [0.0,90.0]
2026-05-26 16:41:28,473 [INFO] LEITURA sensor-08: 12.51°C RTT=0.0ms
2026-05-26 16:41:29,598 [INFO] LEITURA sensor-08: 26.86°C RTT=0.0ms
2026-05-26 16:41:29,629 [INFO] LEITURA sensor-06: 80.12% RTT=0.0ms
2026-05-26 16:41:30,523 [INFO] HTTP 127.0.0.1 "GET /painel HTTP/1.1" 200 -
2026-05-26 16:41:30,661 [INFO] LEITURA sensor-08: 20.54°C RTT=0.0ms
2026-05-26 16:41:31,577 [INFO] LEITURA sensor-06: 33.75% RTT=0.0ms
2026-05-26 16:41:31,672 [INFO] LEITURA sensor-08: 37.01°C RTT=0.0ms
2026-05-26 16:41:31,672 [WARNING] ALERTA: sensor-08=37.01°C fora de [10.0,30.0]
2026-05-26 16:41:32,738 [INFO] LEITURA sensor-08: 9.84°C RTT=0.0ms
2026-05-26 16:41:32,745 [WARNING] ALERTA: sensor-08=9.84°C fora de [10.0,30.0]
2026-05-26 16:41:33,595 [INFO] LEITURA sensor-06: 33.89% RTT=0.0ms
2026-05-26 16:41:33,720 [INFO] LEITURA sensor-08: 24.23°C RTT=0.0ms
2026-05-26 16:41:34,684 [INFO] LEITURA sensor-08: 25.63°C RTT=0.0ms
2026-05-26 16:41:35,539 [INFO] LEITURA sensor-06: 2.66% RTT=0.0ms
2026-05-26 16:41:35,757 [INFO] HTTP 127.0.0.1 "GET /painel HTTP/1.1" 200 -
2026-05-26 16:41:35,772 [INFO] LEITURA sensor-08: 33.26°C RTT=47.419ms
2026-05-26 16:41:35,772 [WARNING] ALERTA: sensor-08=33.26°C fora de [10.0,30.0]
2026-05-26 16:41:36,919 [INFO] LEITURA sensor-08: 13.84°C RTT=0.0ms
2026-05-26 16:41:37,541 [INFO] LEITURA sensor-06: 65.89% RTT=2.448ms
2026-05-26 16:41:37,926 [INFO] LEITURA sensor-08: 15.4°C RTT=0.0ms
2026-05-26 16:41:38,870 [INFO] LEITURA sensor-08: 10.64°C RTT=0.0ms
2026-05-26 16:41:39,608 [INFO] LEITURA sensor-06: 41.89% RTT=0.0ms
2026-05-26 16:41:39,895 [INFO] LEITURA sensor-08: 33.1°C RTT=0.0ms
2026-05-26 16:41:39,895 [WARNING] ALERTA: sensor-08=33.1°C fora de [10.0,30.0]
2026-05-26 16:41:40,873 [INFO] HTTP 127.0.0.1 "GET /painel HTTP/1.1" 200 -
2026-05-26 16:41:41,038 [INFO] LEITURA sensor-08: 18.44°C RTT=0.0ms
2026-05-26 16:41:41,626 [INFO] LEITURA sensor-06: 103.25% RTT=0.0ms
2026-05-26 16:41:41,626 [WARNING] ALERTA: sensor-06=103.25% fora de [0.0,90.0]
2026-05-26 16:41:42,051 [INFO] LEITURA sensor-08: 12.35°C RTT=0.0ms
2026-05-26 16:41:43,019 [INFO] LEITURA sensor-08: 19.61°C RTT=0.0ms
2026-05-26 16:41:43,752 [INFO] LEITURA sensor-06: 2.24% RTT=0.0ms
2026-05-26 16:41:43,999 [INFO] LEITURA sensor-08: 24.7°C RTT=0.0ms
2026-05-26 16:41:45,001 [INFO] LEITURA sensor-08: 12.8°C RTT=0.0ms
2026-05-26 16:41:45,702 [INFO] LEITURA sensor-06: 70.6% RTT=0.0ms
2026-05-26 16:41:45,981 [INFO] HTTP 127.0.0.1 "GET /painel HTTP/1.1" 200 -
2026-05-26 16:41:46,043 [INFO] LEITURA sensor-08: 25.29°C RTT=0.0ms
2026-05-26 16:41:47,107 [INFO] LEITURA sensor-08: 38.93°C RTT=0.0ms
2026-05-26 16:41:47,107 [WARNING] ALERTA: sensor-08=38.93°C fora de [10.0,30.0]
2026-05-26 16:41:47,782 [INFO] LEITURA sensor-06: 47.92% RTT=0.0ms
2026-05-26 16:41:48,113 [INFO] LEITURA sensor-08: 18.89°C RTT=0.0ms
2026-05-26 16:41:49,135 [INFO] LEITURA sensor-08: 10.36°C RTT=0.0ms
2026-05-26 16:41:49,778 [INFO] LEITURA sensor-06: 50.44% RTT=0.0ms
2026-05-26 16:41:50,186 [INFO] LEITURA sensor-08: 36.15°C RTT=0.0ms
2026-05-26 16:41:50,186 [WARNING] ALERTA: sensor-08=36.15°C fora de [10.0,30.0]
2026-05-26 16:41:51,100 [INFO] HTTP 127.0.0.1 "GET /painel HTTP/1.1" 200 -
2026-05-26 16:41:51,181 [INFO] LEITURA sensor-08: 32.33°C RTT=0.0ms
2026-05-26 16:41:51,191 [WARNING] ALERTA: sensor-08=32.33°C fora de [10.0,30.0]
2026-05-26 16:41:51,773 [INFO] LEITURA sensor-06: 68.88% RTT=1.713ms
2026-05-26 16:41:52,199 [INFO] LEITURA sensor-08: 25.54°C RTT=0.0ms
2026-05-26 16:41:53,225 [INFO] LEITURA sensor-08: 35.76°C RTT=4.031ms
2026-05-26 16:41:53,230 [WARNING] ALERTA: sensor-08=35.76°C fora de [10.0,30.0]
2026-05-26 16:41:53,733 [INFO] LEITURA sensor-06: 14.26% RTT=0.0ms
2026-05-26 16:41:54,401 [INFO] LEITURA sensor-08: 16.68°C RTT=0.0ms
2026-05-26 16:41:55,454 [INFO] LEITURA sensor-08: 17.81°C RTT=0.0ms
2026-05-26 16:41:55,806 [INFO] LEITURA sensor-06: 81.6% RTT=0.0ms
2026-05-26 16:41:56,209 [INFO] HTTP 127.0.0.1 "GET /painel HTTP/1.1" 200 -
2026-05-26 16:41:56,401 [INFO] LEITURA sensor-08: 26.77°C RTT=0.0ms
2026-05-26 16:41:57,464 [INFO] LEITURA sensor-08: 18.59°C RTT=0.0ms
2026-05-26 16:41:57,814 [INFO] LEITURA sensor-06: 75.18% RTT=0.0ms
2026-05-26 16:41:58,504 [INFO] LEITURA sensor-08: 17.24°C RTT=0.0ms
2026-05-26 16:41:59,514 [INFO] LEITURA sensor-08: 14.38°C RTT=0.0ms
2026-05-26 16:41:59,818 [INFO] LEITURA sensor-06: 65.86% RTT=0.0ms
2026-05-26 16:42:00,632 [INFO] LEITURA sensor-08: 26.72°C RTT=0.0ms
2026-05-26 16:42:01,331 [INFO] HTTP 127.0.0.1 "GET /painel HTTP/1.1" 200 -
2026-05-26 16:42:01,583 [INFO] LEITURA sensor-08: 17.01°C RTT=1.575ms
2026-05-26 16:42:01,823 [INFO] LEITURA sensor-06: 80.61% RTT=0.0ms
2026-05-26 16:42:02,718 [INFO] LEITURA sensor-08: 27.43°C RTT=0.0ms
2026-05-26 16:42:03,884 [INFO] LEITURA sensor-08: 14.42°C RTT=0.0ms
2026-05-26 16:42:03,902 [INFO] LEITURA sensor-06: 56.76% RTT=0.0ms
2026-05-26 16:42:04,805 [INFO] LEITURA sensor-08: 9.69°C RTT=0.0ms
2026-05-26 16:42:04,805 [WARNING] ALERTA: sensor-08=9.69°C fora de [10.0,30.0]
2026-05-26 16:42:05,841 [INFO] LEITURA sensor-06: 51.14% RTT=0.0ms
2026-05-26 16:42:05,880 [INFO] LEITURA sensor-08: 11.25°C RTT=0.0ms
2026-05-26 16:42:06,446 [INFO] HTTP 127.0.0.1 "GET /painel HTTP/1.1" 200 -
2026-05-26 16:42:06,812 [INFO] LEITURA sensor-08: 10.94°C RTT=0.0ms
2026-05-26 16:42:07,786 [INFO] LEITURA sensor-06: 45.16% RTT=0.0ms
2026-05-26 16:42:07,819 [INFO] LEITURA sensor-08: 22.91°C RTT=0.515ms
2026-05-26 16:42:08,834 [INFO] LEITURA sensor-08: 20.34°C RTT=1.139ms
2026-05-26 16:42:09,877 [INFO] LEITURA sensor-06: 16.25% RTT=0.0ms
2026-05-26 16:42:09,905 [INFO] LEITURA sensor-08: 35.38°C RTT=2.938ms
2026-05-26 16:42:09,905 [WARNING] ALERTA: sensor-08=35.38°C fora de [10.0,30.0]
2026-05-26 16:42:10,855 [INFO] LEITURA sensor-08: 34.21°C RTT=0.0ms
2026-05-26 16:42:10,868 [WARNING] ALERTA: sensor-08=34.21°C fora de [10.0,30.0]
2026-05-26 16:42:11,558 [INFO] HTTP 127.0.0.1 "GET /painel HTTP/1.1" 200 -
2026-05-26 16:42:11,897 [INFO] LEITURA sensor-06: 82.75% RTT=0.0ms
2026-05-26 16:42:11,914 [INFO] LEITURA sensor-08: 26.03°C RTT=0.0ms
2026-05-26 16:42:12,868 [INFO] LEITURA sensor-08: 27.51°C RTT=0.0ms
2026-05-26 16:42:13,856 [INFO] LEITURA sensor-06: 22.99% RTT=0.0ms
2026-05-26 16:42:13,905 [INFO] LEITURA sensor-08: 16.53°C RTT=0.0ms
2026-05-26 16:42:14,958 [INFO] LEITURA sensor-08: 25.28°C RTT=0.0ms
2026-05-26 16:42:15,825 [INFO] LEITURA sensor-06: 37.29% RTT=0.0ms
2026-05-26 16:42:15,964 [INFO] LEITURA sensor-08: 13.49°C RTT=0.0ms
2026-05-26 16:42:16,716 [INFO] HTTP 127.0.0.1 "GET /painel HTTP/1.1" 200 -
2026-05-26 16:42:17,028 [INFO] LEITURA sensor-08: 23.59°C RTT=2.385ms
2026-05-26 16:42:17,890 [INFO] LEITURA sensor-06: 69.43% RTT=1.559ms
2026-05-26 16:42:18,102 [INFO] LEITURA sensor-08: 15.44°C RTT=1.871ms
2026-05-26 16:42:19,168 [INFO] LEITURA sensor-08: 21.36°C RTT=0.0ms
2026-05-26 16:42:19,845 [INFO] LEITURA sensor-06: 80.07% RTT=0.0ms
2026-05-26 16:42:20,173 [INFO] LEITURA sensor-08: 21.69°C RTT=0.0ms
2026-05-26 16:42:21,254 [INFO] LEITURA sensor-08: 9.65°C RTT=0.0ms
2026-05-26 16:42:21,255 [WARNING] ALERTA: sensor-08=9.65°C fora de [10.0,30.0]
2026-05-26 16:42:21,912 [INFO] LEITURA sensor-06: 83.0% RTT=1.562ms
2026-05-26 16:42:21,933 [INFO] HTTP 127.0.0.1 "GET /painel HTTP/1.1" 200 -
2026-05-26 16:42:22,282 [INFO] LEITURA sensor-08: 35.48°C RTT=0.0ms
2026-05-26 16:42:22,282 [WARNING] ALERTA: sensor-08=35.48°C fora de [10.0,30.0]
2026-05-26 16:42:23,298 [INFO] LEITURA sensor-08: 21.24°C RTT=0.0ms
2026-05-26 16:42:23,913 [INFO] LEITURA sensor-06: 7.25% RTT=0.0ms
2026-05-26 16:42:24,336 [INFO] LEITURA sensor-08: 38.66°C RTT=1.526ms
2026-05-26 16:42:24,336 [WARNING] ALERTA: sensor-08=38.66°C fora de [10.0,30.0]
2026-05-26 16:42:25,383 [INFO] LEITURA sensor-08: 38.53°C RTT=0.0ms
2026-05-26 16:42:25,383 [WARNING] ALERTA: sensor-08=38.53°C fora de [10.0,30.0]
2026-05-26 16:42:25,967 [INFO] LEITURA sensor-06: 110.33% RTT=0.0ms
2026-05-26 16:42:25,967 [WARNING] ALERTA: sensor-06=110.33% fora de [0.0,90.0]
2026-05-26 16:42:26,400 [INFO] LEITURA sensor-08: 13.63°C RTT=0.0ms
2026-05-26 16:42:27,050 [INFO] HTTP 127.0.0.1 "GET /painel HTTP/1.1" 200 -
2026-05-26 16:42:27,313 [INFO] LEITURA sensor-08: 35.22°C RTT=0.0ms
2026-05-26 16:42:27,313 [WARNING] ALERTA: sensor-08=35.22°C fora de [10.0,30.0]
2026-05-26 16:42:27,987 [INFO] LEITURA sensor-06: 12.28% RTT=0.0ms
2026-05-26 16:42:28,384 [INFO] LEITURA sensor-08: 25.02°C RTT=0.0ms
2026-05-26 16:42:29,437 [INFO] LEITURA sensor-08: 28.07°C RTT=2.016ms
2026-05-26 16:42:29,978 [INFO] LEITURA sensor-06: 62.81% RTT=0.0ms
2026-05-26 16:42:30,460 [INFO] LEITURA sensor-08: 23.28°C RTT=0.0ms
2026-05-26 16:42:31,444 [INFO] LEITURA sensor-08: 31.71°C RTT=0.0ms
2026-05-26 16:42:31,444 [WARNING] ALERTA: sensor-08=31.71°C fora de [10.0,30.0]
2026-05-26 16:42:32,056 [INFO] LEITURA sensor-06: 31.63% RTT=0.0ms
2026-05-26 16:42:32,167 [INFO] HTTP 127.0.0.1 "GET /painel HTTP/1.1" 200 -
2026-05-26 16:42:32,432 [INFO] LEITURA sensor-08: 14.55°C RTT=0.0ms
2026-05-26 16:42:33,452 [INFO] LEITURA sensor-08: 16.43°C RTT=0.0ms
2026-05-26 16:42:34,059 [INFO] LEITURA sensor-06: 105.04% RTT=0.0ms
2026-05-26 16:42:34,059 [WARNING] ALERTA: sensor-06=105.04% fora de [0.0,90.0]
2026-05-26 16:42:34,464 [INFO] LEITURA sensor-08: 18.45°C RTT=0.0ms
2026-05-26 16:42:35,538 [INFO] LEITURA sensor-08: 23.3°C RTT=0.0ms
2026-05-26 16:42:36,076 [INFO] LEITURA sensor-06: 50.58% RTT=0.0ms
2026-05-26 16:42:36,494 [INFO] LEITURA sensor-08: 11.14°C RTT=2.018ms
2026-05-26 16:42:37,283 [INFO] HTTP 127.0.0.1 "GET /painel HTTP/1.1" 200 -
2026-05-26 16:42:37,992 [INFO] LEITURA sensor-08: 36.05°C RTT=0.0ms
2026-05-26 16:42:37,994 [WARNING] ALERTA: sensor-08=36.05°C fora de [10.0,30.0]
2026-05-26 16:42:38,054 [INFO] LEITURA sensor-06: 4.96% RTT=0.0ms
2026-05-26 16:42:38,565 [INFO] LEITURA sensor-08: 22.18°C RTT=0.0ms
2026-05-26 16:42:38,890 [INFO] DESCONEXÃO voluntária: sensor-08
2026-05-26 16:42:38,901 [INFO] DESCONECTADO sensor-08
2026-05-26 16:42:40,064 [INFO] LEITURA sensor-06: 27.17% RTT=0.0ms
2026-05-26 16:42:42,080 [INFO] LEITURA sensor-06: 81.37% RTT=0.0ms
2026-05-26 16:42:42,327 [INFO] DESCONEXÃO voluntária: sensor-06
2026-05-26 16:42:42,345 [INFO] DESCONECTADO sensor-06
2026-05-26 16:42:42,432 [INFO] HTTP 127.0.0.1 "GET /painel HTTP/1.1" 200 -
2026-05-26 16:47:11,881 [INFO] Servidor TCP aguardando em 127.0.0.1:9000
2026-05-26 16:47:11,881 [INFO] Painel web: http://127.0.0.1:8080/painel
2026-05-26 16:47:11,905 [INFO] Painel HTTP em http://127.0.0.1:8080/painel
2026-05-26 16:55:19,788 [INFO] Servidor TCP aguardando em 127.0.0.1:9000
2026-05-26 16:55:19,789 [INFO] Painel web: http://127.0.0.1:8080/painel
2026-05-26 16:55:19,815 [INFO] Painel HTTP em http://127.0.0.1:8080/painel
2026-05-26 16:56:51,491 [INFO] CONECTADO sensor-01 (temperatura) lab='lab-1' addr=('127.0.0.1', 64572)
2026-05-26 16:57:00,291 [INFO] LEITURA sensor-01: 16.94°C RTT=2.01ms
2026-05-26 16:57:03,685 [INFO] LEITURA sensor-01: 36.67°C RTT=0.0ms
2026-05-26 16:57:03,686 [WARNING] ALERTA: sensor-01=36.67°C fora de [10.0,30.0]
2026-05-26 16:57:04,425 [INFO] LEITURA sensor-01: 26.79°C RTT=0.0ms
2026-05-26 16:57:06,363 [INFO] LEITURA sensor-01: 13.61°C RTT=0.0ms
2026-05-26 16:57:08,435 [INFO] LEITURA sensor-01: 26.48°C RTT=0.0ms
2026-05-26 16:57:10,390 [INFO] LEITURA sensor-01: 36.94°C RTT=0.0ms
2026-05-26 16:57:10,390 [WARNING] ALERTA: sensor-01=36.94°C fora de [10.0,30.0]
2026-05-26 16:57:12,466 [INFO] LEITURA sensor-01: 38.12°C RTT=1.514ms
2026-05-26 16:57:12,466 [WARNING] ALERTA: sensor-01=38.12°C fora de [10.0,30.0]
2026-05-26 16:57:14,499 [INFO] LEITURA sensor-01: 9.54°C RTT=0.0ms
2026-05-26 16:57:14,500 [WARNING] ALERTA: sensor-01=9.54°C fora de [10.0,30.0]
2026-05-26 16:57:16,470 [INFO] LEITURA sensor-01: 27.83°C RTT=0.0ms
2026-05-26 16:57:18,415 [INFO] LEITURA sensor-01: 24.67°C RTT=0.997ms
2026-05-26 16:57:20,485 [INFO] LEITURA sensor-01: 14.79°C RTT=0.0ms
2026-05-26 16:57:22,481 [INFO] LEITURA sensor-01: 26.7°C RTT=0.0ms
2026-05-26 16:57:24,434 [INFO] LEITURA sensor-01: 35.48°C RTT=0.0ms
2026-05-26 16:57:24,435 [WARNING] ALERTA: sensor-01=35.48°C fora de [10.0,30.0]
2026-05-26 16:57:26,523 [INFO] LEITURA sensor-01: 25.7°C RTT=0.967ms
2026-05-26 16:57:28,522 [INFO] LEITURA sensor-01: 14.98°C RTT=0.0ms
2026-05-26 16:57:30,516 [INFO] LEITURA sensor-01: 15.96°C RTT=0.0ms
2026-05-26 16:57:32,544 [INFO] LEITURA sensor-01: 10.64°C RTT=0.0ms
2026-05-26 16:57:34,550 [INFO] LEITURA sensor-01: 10.59°C RTT=0.0ms
2026-05-26 16:57:36,566 [INFO] LEITURA sensor-01: 32.06°C RTT=1.002ms
2026-05-26 16:57:36,567 [WARNING] ALERTA: sensor-01=32.06°C fora de [10.0,30.0]
2026-05-26 16:57:38,551 [INFO] LEITURA sensor-01: 36.26°C RTT=0.0ms
2026-05-26 16:57:38,552 [WARNING] ALERTA: sensor-01=36.26°C fora de [10.0,30.0]
2026-05-26 16:57:40,701 [INFO] LEITURA sensor-01: 12.99°C RTT=0.94ms
2026-05-26 16:57:42,669 [INFO] LEITURA sensor-01: 24.89°C RTT=1.689ms
2026-05-26 16:57:44,659 [INFO] LEITURA sensor-01: 11.55°C RTT=0.0ms
2026-05-26 16:57:46,734 [INFO] LEITURA sensor-01: 19.86°C RTT=1.009ms
2026-05-26 16:57:48,686 [INFO] LEITURA sensor-01: 25.26°C RTT=1.0ms
2026-05-26 16:57:50,752 [INFO] LEITURA sensor-01: 14.04°C RTT=0.995ms
2026-05-26 16:57:52,749 [INFO] LEITURA sensor-01: 26.97°C RTT=0.0ms
2026-05-26 16:57:54,752 [INFO] LEITURA sensor-01: 37.26°C RTT=1.008ms
2026-05-26 16:57:54,753 [WARNING] ALERTA: sensor-01=37.26°C fora de [10.0,30.0]
2026-05-26 16:57:56,758 [INFO] LEITURA sensor-01: 13.59°C RTT=0.0ms
2026-05-26 16:57:58,872 [INFO] LEITURA sensor-01: 18.0°C RTT=0.0ms
2026-05-26 16:58:00,821 [INFO] LEITURA sensor-01: 16.74°C RTT=0.0ms
2026-05-26 16:58:02,901 [INFO] LEITURA sensor-01: 20.73°C RTT=0.0ms
2026-05-26 16:58:04,836 [INFO] LEITURA sensor-01: 19.67°C RTT=0.0ms
2026-05-26 16:58:06,915 [INFO] LEITURA sensor-01: 12.33°C RTT=0.0ms
2026-05-26 16:58:08,918 [INFO] LEITURA sensor-01: 10.38°C RTT=0.0ms
2026-05-26 16:58:10,870 [INFO] LEITURA sensor-01: 11.21°C RTT=0.0ms
2026-05-26 16:58:12,931 [INFO] LEITURA sensor-01: 18.08°C RTT=0.0ms
2026-05-26 16:58:14,890 [INFO] LEITURA sensor-01: 31.62°C RTT=0.0ms
2026-05-26 16:58:14,890 [WARNING] ALERTA: sensor-01=31.62°C fora de [10.0,30.0]
2026-05-26 16:58:16,965 [INFO] LEITURA sensor-01: 23.68°C RTT=0.0ms
2026-05-26 16:59:03,107 [INFO] CONECTADO sensor-01 (cpu) lab='lab-1' addr=('127.0.0.1', 56978)
2026-05-26 16:59:13,768 [INFO] LEITURA sensor-01: 111.3% RTT=1.028ms
2026-05-26 16:59:13,768 [WARNING] ALERTA: sensor-01=111.3% fora de [0.0,90.0]
2026-05-26 16:59:24,552 [INFO] LEITURA sensor-01: 104.46% RTT=1.0ms
2026-05-26 16:59:24,552 [WARNING] ALERTA: sensor-01=104.46% fora de [0.0,90.0]
2026-05-26 16:59:24,622 [INFO] LEITURA sensor-01: 34.51% RTT=0.0ms
2026-05-26 16:59:25,943 [INFO] LEITURA sensor-01: 36.84% RTT=0.988ms
2026-05-26 16:59:29,949 [INFO] LEITURA sensor-01: 47.74% RTT=0.999ms
2026-05-26 16:59:33,890 [INFO] LEITURA sensor-01: 69.25% RTT=0.998ms
2026-05-26 16:59:37,901 [INFO] LEITURA sensor-01: 39.52% RTT=0.0ms
2026-05-26 16:59:39,385 [INFO] LEITURA sensor-01: 23.7°C RTT=0.0ms
2026-05-26 16:59:41,483 [INFO] LEITURA sensor-01: 19.22°C RTT=1.018ms
2026-05-26 16:59:41,906 [INFO] LEITURA sensor-01: 63.94% RTT=0.0ms
2026-05-26 16:59:43,511 [INFO] LEITURA sensor-01: 22.06°C RTT=0.0ms
2026-05-26 16:59:45,527 [INFO] LEITURA sensor-01: 25.69°C RTT=1.022ms
2026-05-26 16:59:45,927 [INFO] LEITURA sensor-01: 36.84% RTT=0.0ms
2026-05-26 16:59:47,476 [INFO] LEITURA sensor-01: 18.73°C RTT=0.0ms
2026-05-26 16:59:49,484 [INFO] LEITURA sensor-01: 19.23°C RTT=0.0ms
2026-05-26 16:59:49,927 [INFO] LEITURA sensor-01: 82.52% RTT=0.0ms
2026-05-26 16:59:51,574 [INFO] LEITURA sensor-01: 35.11°C RTT=1.121ms
2026-05-26 16:59:51,575 [WARNING] ALERTA: sensor-01=35.11°C fora de [10.0,30.0]
2026-05-26 16:59:53,558 [INFO] LEITURA sensor-01: 22.71°C RTT=0.0ms
2026-05-26 16:59:54,006 [INFO] LEITURA sensor-01: 14.89% RTT=1.093ms
2026-05-26 16:59:55,567 [INFO] LEITURA sensor-01: 26.74°C RTT=1.002ms
2026-05-26 16:59:57,607 [INFO] LEITURA sensor-01: 35.29°C RTT=1.018ms
2026-05-26 16:59:57,609 [WARNING] ALERTA: sensor-01=35.29°C fora de [10.0,30.0]
2026-05-26 16:59:57,970 [INFO] LEITURA sensor-01: 79.94% RTT=1.39ms
2026-05-26 16:59:59,545 [INFO] LEITURA sensor-01: 34.43°C RTT=1.034ms
2026-05-26 16:59:59,546 [WARNING] ALERTA: sensor-01=34.43°C fora de [10.0,30.0]
2026-05-26 16:59:59,633 [INFO] HTTP 127.0.0.1 "GET /painel HTTP/1.1" 200 -
2026-05-26 17:00:00,052 [INFO] HTTP 127.0.0.1 "GET /favicon.ico HTTP/1.1" 404 -
2026-05-26 17:00:01,557 [INFO] LEITURA sensor-01: 24.27°C RTT=0.0ms
2026-05-26 17:00:01,993 [INFO] LEITURA sensor-01: 106.22% RTT=1.672ms
2026-05-26 17:00:01,993 [WARNING] ALERTA: sensor-01=106.22% fora de [0.0,90.0]
2026-05-26 17:00:03,628 [INFO] LEITURA sensor-01: 35.21°C RTT=1.098ms
2026-05-26 17:00:03,629 [WARNING] ALERTA: sensor-01=35.21°C fora de [10.0,30.0]
2026-05-26 17:00:05,067 [INFO] HTTP 127.0.0.1 "GET /painel HTTP/1.1" 200 -
2026-05-26 17:00:05,647 [INFO] LEITURA sensor-01: 10.28°C RTT=0.0ms
2026-05-26 17:00:06,021 [INFO] LEITURA sensor-01: 97.2% RTT=0.0ms
2026-05-26 17:00:06,021 [WARNING] ALERTA: sensor-01=97.2% fora de [0.0,90.0]
2026-05-26 17:00:07,593 [INFO] LEITURA sensor-01: 38.78°C RTT=0.0ms
2026-05-26 17:00:07,594 [WARNING] ALERTA: sensor-01=38.78°C fora de [10.0,30.0]
2026-05-26 17:00:09,670 [INFO] LEITURA sensor-01: 28.05°C RTT=0.0ms
2026-05-26 17:00:09,984 [INFO] LEITURA sensor-01: 108.84% RTT=0.0ms
2026-05-26 17:00:09,985 [WARNING] ALERTA: sensor-01=108.84% fora de [0.0,90.0]
2026-05-26 17:00:10,220 [INFO] HTTP 127.0.0.1 "GET /painel HTTP/1.1" 200 -
2026-05-26 17:00:11,675 [INFO] LEITURA sensor-01: 33.76°C RTT=1.234ms
2026-05-26 17:00:11,676 [WARNING] ALERTA: sensor-01=33.76°C fora de [10.0,30.0]
2026-05-26 17:00:13,830 [INFO] LEITURA sensor-01: 25.24°C RTT=1.087ms
2026-05-26 17:00:13,967 [INFO] LEITURA sensor-01: 43.96% RTT=1.019ms
2026-05-26 17:00:15,348 [INFO] HTTP 127.0.0.1 "GET /painel HTTP/1.1" 200 -
2026-05-26 17:00:15,832 [INFO] LEITURA sensor-01: 15.49°C RTT=0.0ms
2026-05-26 17:00:17,847 [INFO] LEITURA sensor-01: 17.33°C RTT=0.0ms
2026-05-26 17:00:17,983 [INFO] LEITURA sensor-01: 35.3% RTT=0.0ms
2026-05-26 17:00:20,497 [INFO] HTTP 127.0.0.1 "GET /painel HTTP/1.1" 200 -
2026-05-26 17:00:20,678 [INFO] DESCONEXÃO voluntária: sensor-01
2026-05-26 17:00:20,717 [INFO] DESCONECTADO sensor-01
2026-05-26 17:00:25,619 [INFO] HTTP 127.0.0.1 "GET /painel HTTP/1.1" 200 -
2026-05-26 17:00:30,753 [INFO] HTTP 127.0.0.1 "GET /painel HTTP/1.1" 200 -
2026-05-26 17:00:35,155 [INFO] CONECTADO sensor-02 (cpu) lab='lab-2' addr=('127.0.0.1', 52845)
2026-05-26 17:00:35,934 [INFO] HTTP 127.0.0.1 "GET /painel HTTP/1.1" 200 -
2026-05-26 17:00:41,096 [INFO] HTTP 127.0.0.1 "GET /painel HTTP/1.1" 200 -
2026-05-26 17:00:46,236 [INFO] HTTP 127.0.0.1 "GET /painel HTTP/1.1" 200 -
2026-05-26 17:00:50,586 [INFO] DESCONEXÃO voluntária: sensor-01
2026-05-26 17:00:50,604 [INFO] DESCONECTADO sensor-01
2026-05-26 17:00:51,442 [INFO] HTTP 127.0.0.1 "GET /painel HTTP/1.1" 200 -
2026-05-26 17:00:55,318 [INFO] CONECTADO sensor-01 (umidade) lab='lab-1' addr=('127.0.0.1', 55580)
2026-05-26 17:00:56,578 [INFO] HTTP 127.0.0.1 "GET /painel HTTP/1.1" 200 -
2026-05-26 17:01:00,609 [INFO] LEITURA sensor-01: 54.01% RTT=0.507ms
2026-05-26 17:01:01,705 [INFO] HTTP 127.0.0.1 "GET /painel HTTP/1.1" 200 -
2026-05-26 17:01:05,722 [INFO] LEITURA sensor-01: 36.42% RTT=0.0ms
2026-05-26 17:01:06,836 [INFO] HTTP 127.0.0.1 "GET /painel HTTP/1.1" 200 -
2026-05-26 17:01:10,746 [INFO] LEITURA sensor-01: 48.12% RTT=0.998ms
2026-05-26 17:01:11,947 [INFO] HTTP 127.0.0.1 "GET /painel HTTP/1.1" 200 -
2026-05-26 17:01:15,690 [INFO] LEITURA sensor-01: 27.53% RTT=0.0ms
2026-05-26 17:01:15,692 [WARNING] ALERTA: sensor-01=27.53% fora de [30.0,80.0]
2026-05-26 17:01:17,056 [INFO] HTTP 127.0.0.1 "GET /painel HTTP/1.1" 200 -
2026-05-26 17:01:20,768 [INFO] LEITURA sensor-01: 30.14% RTT=0.0ms
2026-05-26 17:01:22,168 [INFO] HTTP 127.0.0.1 "GET /painel HTTP/1.1" 200 -
2026-05-26 17:01:25,780 [INFO] LEITURA sensor-01: 39.13% RTT=1.021ms
2026-05-26 17:01:27,304 [INFO] HTTP 127.0.0.1 "GET /painel HTTP/1.1" 200 -
2026-05-26 17:01:29,506 [INFO] LEITURA sensor-02: 13.89% RTT=0.93ms
2026-05-26 17:01:30,788 [INFO] LEITURA sensor-01: 31.65% RTT=1.11ms
2026-05-26 17:01:32,532 [INFO] HTTP 127.0.0.1 "GET /painel HTTP/1.1" 200 -
2026-05-26 17:01:34,615 [INFO] LEITURA sensor-02: 15.94% RTT=1.009ms
2026-05-26 17:01:35,795 [INFO] LEITURA sensor-01: 85.17% RTT=0.0ms
2026-05-26 17:01:35,795 [WARNING] ALERTA: sensor-01=85.17% fora de [30.0,80.0]
2026-05-26 17:01:37,721 [INFO] HTTP 127.0.0.1 "GET /painel HTTP/1.1" 200 -
2026-05-26 17:01:39,641 [INFO] LEITURA sensor-02: 7.55% RTT=0.999ms
2026-05-26 17:01:40,796 [INFO] LEITURA sensor-01: 100.19% RTT=0.0ms
2026-05-26 17:01:40,797 [WARNING] ALERTA: sensor-01=100.19% fora de [30.0,80.0]
2026-05-26 17:01:42,898 [INFO] HTTP 127.0.0.1 "GET /painel HTTP/1.1" 200 -
2026-05-26 17:01:45,807 [INFO] LEITURA sensor-01: 54.78% RTT=0.0ms
2026-05-26 17:01:46,687 [INFO] DESCONEXÃO voluntária: sensor-02
2026-05-26 17:01:46,750 [INFO] DESCONECTADO sensor-02
2026-05-26 17:01:48,035 [INFO] HTTP 127.0.0.1 "GET /painel HTTP/1.1" 200 -
2026-05-26 17:01:50,753 [INFO] LEITURA sensor-01: 87.94% RTT=1.002ms
2026-05-26 17:01:50,755 [WARNING] ALERTA: sensor-01=87.94% fora de [30.0,80.0]
2026-05-26 17:01:53,202 [INFO] HTTP 127.0.0.1 "GET /painel HTTP/1.1" 200 -
2026-05-26 17:01:56,926 [INFO] DESCONEXÃO voluntária: sensor-01
2026-05-26 17:01:56,942 [INFO] DESCONECTADO sensor-01
2026-05-26 17:01:58,399 [INFO] HTTP 127.0.0.1 "GET /painel HTTP/1.1" 200 -
2026-05-26 17:02:03,546 [INFO] HTTP 127.0.0.1 "GET /painel HTTP/1.1" 200 -
2026-05-26 17:02:08,740 [INFO] HTTP 127.0.0.1 "GET /painel HTTP/1.1" 200 -
2026-05-26 17:02:13,853 [INFO] HTTP 127.0.0.1 "GET /painel HTTP/1.1" 200 -
2026-05-26 17:02:18,993 [INFO] HTTP 127.0.0.1 "GET /painel HTTP/1.1" 200 -
2026-05-26 17:02:24,110 [INFO] HTTP 127.0.0.1 "GET /painel HTTP/1.1" 200 -
2026-05-26 17:02:29,225 [INFO] HTTP 127.0.0.1 "GET /painel HTTP/1.1" 200 -
2026-05-26 17:02:34,334 [INFO] HTTP 127.0.0.1 "GET /painel HTTP/1.1" 200 -
2026-05-26 17:02:39,453 [INFO] HTTP 127.0.0.1 "GET /painel HTTP/1.1" 200 -
